T2_max,T2_WRF_max,T2_min,T2_WRF_min,P_WRF_max,P_WRF_min,U10_WRF_max,U10_WRF_min,V10_WRF_max,V10_WRF_min
13.43,11.1822815,3.35,4.179535,1023.3413,1020.8844,-3.4726315,0.049270358,3.4000683,-0.14543058
10.32,9.066437,7.72,5.3296814,1021.63446,1018.5425,5.5841737,-0.027626026,-7.6786876,0.06512866
10.1,9.220978,6.86,6.867676,1018.6892,1015.1247,10.122811,0.21357803,-6.0629573,-0.19198787
11.98,10.20752,5.21,5.480957,1017.88007,1014.7464,5.844034,0.3451612,-2.9030166,0.10530594
11.22,10.7146,2.66,4.0728455,1023.45044,1014.9177,-3.026744,-0.6183509,-2.3083243,0.028476298
11.71,11.31488,3.09,3.998993,1025.7161,1017.1373,2.8958921,-0.12968113,-2.4321468,0.015692264
12.82,11.168457,4.66,5.455536,1017.0123,1006.4919,3.5516372,-0.05290127,-11.161788,0.3723364
11.15,10.436737,7.09,7.5578003,1010.97687,999.1573,7.7974925,0.51032853,-16.03248,-1.0402316
11.71,10.608307,4.79,6.4824524,1017.01404,1008.3044,5.5100274,0.10625139,-14.722415,-2.6097114
11.2,10.538605,8.32,7.7920837,1015.8119,1002.0567,12.739647,-0.4550487,-18.091797,-0.114413224
10.15,9.447327,7.27,6.5917664,1017.4475,1011.2759,9.735956,4.4182177,-10.896791,0.049037192
10.03,9.502319,7.79,6.7142944,1016.17725,1008.8844,11.970851,6.716411,-10.504369,-0.17889117
10.79,9.298462,8.17,6.5559387,1029.2576,1015.48755,10.789024,1.2493218,3.475289,0.099792115
10.76,9.616058,6.51,4.709076,1029.7566,1018.03705,4.2693,-0.20289686,-7.3297973,-3.2786329
10.2,9.300781,8,6.035431,1021.0522,1016.4691,4.9552336,-0.034425743,-5.430989,0.7290907
10.71,9.9375,2.34,3.12146,1021.0263,1010.11884,7.1606164,-0.09584204,-15.174465,-0.00983749
10.47,10.057617,8.82,7.579132,1019.8285,1011.10913,11.531378,5.750872,-8.158599,0.036238167
9.83,8.853699,7.29,6.000305,1028.5991,1019.2019,9.783113,0.7314925,5.9375834,0.054654997
9.93,9.182648,2.42,2.743042,1031.308,1026.3104,4.013945,0.03492126,6.8609138,0.0764124
11.64,10.742889,2.72,3.3534546,1026.3247,1017.7614,-3.5253901,0.20212525,4.2039323,-0.05786871
10.44,9.847656,6.41,6.144287,1017.57025,1016.16327,5.632955,0.036437918,-5.8985105,-0.0016826091
10.91,9.652863,7.97,7.687805,1021.9821,1016.87555,5.8295875,0.35286537,-5.3545756,-0.18800761
10.86,9.909637,5.13,4.032074,1023.1368,1019.85596,3.2745912,0.07690712,5.440284,-0.63716173
10.49,9.691101,2.45,4.4257507,1020.0316,1018.46594,-3.4055874,-0.03571216,3.7869,-0.062363327
10.88,10.8671875,3.64,5.235779,1019.61646,1017.10657,3.3866463,0.055255145,5.108693,0.21089578
11.08,9.995026,7.74,4.829834,1024.5504,1018.67596,3.640335,-0.12279511,3.1213994,-0.82354736
11.37,10.500153,7.32,6.069977,1024.9738,1018.6128,4.517787,-0.009939136,-5.0995545,1.4791442
10.96,9.659393,9.06,6.4999695,1018.32935,1005.99097,4.248855,0.77457166,-8.396376,-3.130092
10.17,9.537323,1.78,4.0832825,1009.10205,1003.2966,5.8061924,-0.13156754,-8.932039,0.9890386
9.48,7.9841003,4.12,2.9576416,1017.9587,1009.92554,7.188151,-0.25852776,8.560794,-0.008184976
8.79,7.619171,6.53,4.5777893,1021.46893,1016.40564,7.715719,0.051418304,6.5887747,-0.048753846
11.32,9.420258,2.45,1.3037415,1026.7574,1020.7137,-8.592053,-1.0398628,3.3154275,0.056455012
13.79,11.835876,2.21,2.2956848,1027.2025,1023.535,-6.083651,0.35180673,5.293428,-0.13125467
9.88,8.652313,2.53,2.910675,1023.69904,1022.38806,4.5872784,0.33261997,-2.938218,0.033734698
11.64,9.202759,6.76,3.4484863,1022.7568,1013.9093,3.1512606,-0.016430246,-8.320962,-3.676698
10.32,9.615753,7.62,6.1430664,1017.7338,1013.8114,9.258013,1.5000343,-8.352905,0.12863117
10.54,9.711029,7.92,7.4860535,1019.24225,1017.07587,7.731897,3.354717,-7.357165,-0.2138228
12.27,9.953278,9.11,8.85318,1020.9604,1014.9836,7.8062854,3.467044,-7.779329,0.024526997
10.96,10.067352,8.59,7.368408,1021.5418,1017.03345,6.491563,-0.17750463,-8.572306,0.073083825
10.81,10.092346,7.19,8.06485,1025.2867,1013.15924,7.9625964,1.2998604,6.4963236,-0.0632524
11.15,10.441345,4.79,4.1340027,1025.8154,1021.39624,4.153488,0.0135762235,-2.7323194,0.41319022
12.22,11.962158,6.38,5.694214,1021.4149,1018.0424,4.5570025,0.03694222,-5.4393945,-1.6793298
12.8,11.133789,9.68,8.518494,1019.57495,1014.09393,5.855423,-0.38140464,-8.085161,0.5677125
11.95,10.232452,3.96,4.20755,1022.1922,1020.11743,-3.9121473,-0.072336994,3.8207397,0.23431715
12.12,13.974731,3.46,4.3587036,1020.4031,1015.3646,-2.2175748,-0.0488385,3.889872,0.16224618
10.17,11.790619,7.09,5.9709167,1015.4264,1013.3855,3.014948,0.0048138937,1.910472,0.008675403
13.88,12.78421,8.67,7.0725403,1013.4473,1005.89844,7.505249,0.10006137,-12.438942,-1.1627492
11.73,10.234802,8.42,8.535675,1012.33185,1007.37573,10.570922,4.903474,-11.536861,-0.14687237
11.2,9.804291,8.67,6.5559387,1023.38837,1012.41766,8.398219,1.0191495,2.5430439,-0.03075888
11,10.417755,3.62,3.4852905,1025.5679,1021.03015,4.4756126,-0.31429318,6.793725,-0.052796047
11.1,9.902008,3.43,2.859253,1021.5053,1019.0938,4.0171494,-0.2691061,3.9211147,0.0317673
12,10.541199,3.22,3.2138062,1021.5147,1013.9573,3.6061099,-0.124608845,-2.3797624,-0.045042757
15.08,14.000671,6.38,5.4181824,1015.3487,1010.5997,3.2329943,-0.029066414,-10.477812,-1.2129561
12.97,12.692413,8.79,8.367767,1014.35596,1011.38354,7.5962987,0.11038517,-9.416442,-0.5590151
12.36,10.945496,8.29,7.697052,1019.5365,1014.87524,7.388585,3.2485855,-7.6592326,-2.068228
11.13,11.13678,8.69,8.590912,1018.5937,1008.2419,7.9856076,2.5923855,-12.962654,-0.16182792
11.9,10.590729,8.72,7.3239746,1009.06305,1006.0682,11.690786,5.1240897,-9.631662,-0.67654556
11.52,10.555054,8,7.1889343,1027.2241,1006.56665,9.790179,1.7683623,7.623198,0.01955275
12.61,11.7144165,4.74,3.9959106,1028.0288,1025.137,3.867351,0.43954286,6.1852903,0.028885303
13.09,13.604919,8.62,4.630371,1025.4216,1020.9457,3.3366828,-0.36518234,5.628885,0.017380835
13.45,15.4729,6.59,5.4014893,1021.10486,1015.90894,2.3097944,0.17107968,4.684496,1.2886399
12.17,13.389618,7.9,6.0165405,1016.93616,1015.6358,2.7076242,-0.15599816,2.5096462,0.23822089
12.03,12.687012,9.78,6.866913,1018.3551,1015.23975,3.713496,0.23660652,1.7015563,-0.041746464
14.24,14.792938,7.52,6.2705994,1017.14624,1010.7698,6.571406,0.09558062,-7.9462333,0.015570229
12.94,12.138672,10.64,9.522797,1014.15814,1008.22876,8.4017725,0.32133612,-11.933777,-4.881518
12.41,11.822571,9.56,9.609924,1023.0831,1014.5199,10.277003,2.6390443,-6.546496,0.37629142
12.85,12.237854,9.26,4.7085266,1023.3175,1021.616,3.8904176,-0.031635612,5.937882,0.6564458
13.31,13.040222,5.9,5.984497,1022.6429,1021.37,3.5284476,-0.05289785,5.106969,-0.19573323
13.21,14.061859,8.12,5.9138794,1022.3145,1020.927,3.8719335,0.18823984,5.8712745,0.41159347
12.56,13.931915,10.2,8.852936,1023.2841,1021.69507,3.843767,0.34503627,4.8748436,-0.06500448
13.52,14.685425,10.2,7.577301,1022.49756,1016.6272,3.0399013,0.1004518,5.099024,0.1716701
13.69,14.100586,10.22,9.900421,1016.7961,1014.66156,3.7069368,-0.030618802,-2.308706,0.11764503
13.88,13.272888,10.64,9.495178,1017.4021,1015.97076,4.550905,0.35953858,-5.0909233,0.052673854
14.46,13.187836,10.15,8.489655,1015.9408,1011.50275,6.80356,0.5991516,-8.483902,0.32396963
12.77,11.890411,9.68,9.478302,1021.9907,1015.58813,7.4510355,2.2401125,3.5619032,-0.34571657
13.23,12.303101,6.05,5.253998,1022.9807,1021.8844,4.2238097,-0.41724724,2.3026998,-0.16260727
14.6,13.176331,10.54,8.484009,1023.152,1021.83765,4.4479904,0.358211,6.09862,-0.24850544
14.03,13.920837,10.49,9.2560425,1022.62244,1018.1384,3.5096989,-0.036768883,5.6980515,0.18648696
14.22,14.001831,8.19,8.201202,1018.33234,1015.7569,3.1770847,-0.044451434,2.1537592,0.019859817
13.5,15.436554,8.67,9.089203,1015.6177,1012.6721,3.0151782,-0.021475129,2.0974731,0.14609757
16.2,15.333252,11.32,10.796967,1014.3,1012.63654,5.047782,-0.40162814,-8.704857,0.28984967
13.81,14.0914,10.44,11.341248,1013.2992,1011.29626,7.1813464,0.86596453,-10.684792,-2.968543
14.77,13.432343,8.22,7.5979004,1014.09607,1011.78925,6.1242285,0.44356072,-8.708371,-2.4315436
14.24,13.972137,12.12,9.6502075,1013.05444,1008.6804,8.490997,1.2302026,-11.554729,-2.8379014
13.47,13.389435,9.16,10.086487,1014.4835,1013.04095,8.1897745,1.6025792,-7.735314,-1.8491452
12.73,11.800659,10.17,8.856018,1020.2418,1008.62616,10.624599,2.5697546,-11.302454,-0.3208786
14.07,12.888336,8.05,8.405792,1021.5234,1012.7452,6.413693,1.6227223,-10.417625,-0.02363776
12.87,12.200348,11.08,10.798462,1012.7598,1008.3882,6.9938545,3.617296,-9.2071295,-6.3258615
12.49,12.010712,9.09,9.336884,1020.3592,1009.8005,6.525629,-0.05193724,3.2292876,0.115977995
12.9,12.078522,9.56,5.9820557,1026.8969,1020.84406,6.415563,0.5870859,2.9695601,0.7399022
12.92,12.180359,9.14,5.822357,1026.631,1019.1878,3.920699,-0.103920326,-2.1362176,-0.07273333
12.27,12.068909,9.63,7.4177856,1019.0263,1014.9589,8.310144,0.01838996,-5.9242516,0.21003911
12.75,11.393677,8.39,5.8767395,1021.8477,1016.34406,4.6106753,-0.17693275,2.5382938,0.007462188
13.38,12.039734,7.67,6.353668,1025.0142,1021.16815,4.4248962,0.4817826,6.084879,-0.10794139
13.81,14.038513,6.28,5.3962708,1025.3334,1021.8415,3.964163,-0.23265938,7.41026,0.08573412
14.12,14.595184,7.82,5.6756897,1022.12604,1018.6422,2.9995067,0.041433558,4.511182,-0.11112373
12.8,14.324127,10.47,9.575989,1018.51984,1012.69147,2.9730432,0.05664799,3.5862741,0.17032517
15.65,14.946014,10.66,9.46991,1012.64984,1009.289,6.4114227,-0.10181697,-7.751325,-0.22588995
15.1,14.127502,11.86,11.887268,1020.62854,1009.1072,7.1954823,2.0855646,-11.538921,-2.54551
14.82,14.809113,9.83,9.003876,1020.97125,1015.728,4.537267,0.124287546,-4.9172406,-1.8955618
14.53,14.2438965,11.22,10.300293,1015.3466,1007.55493,10.711181,-0.43943107,-7.6438546,-0.20768075
12.87,12.657013,11.03,10.592773,1011.1241,1007.01984,8.942089,6.225211,-9.517076,-0.20138371
12.99,12.706085,9.9,9.42865,1016.5432,1008.1228,7.53739,1.716795,3.6776416,0.15346701
13.33,13.193909,10.52,8.277222,1020.52673,1013.9406,8.319813,2.0993543,-10.328453,-0.1881332
12.75,12.61496,11.1,10.198517,1017.82275,1008.2445,13.625074,3.8850725,-11.609866,0.007544728
13.11,11.962311,8.47,6.953644,1021.7675,1018.3949,3.8063993,0.7023603,3.8781254,-0.18677562
13.35,12.656433,8.47,6.068054,1021.34186,1018.9891,3.2883713,-0.4200802,2.8140068,0.03586968
14.15,14.072815,8.17,7.0355835,1019.4856,1016.6293,3.729026,-0.0740681,4.6941442,0.13600369
14.34,12.2743225,9.21,8.240448,1017.1729,1014.9975,6.7625856,-0.053100187,4.0532813,-0.09545693
14,12.985107,10.25,9.775238,1018.9558,1014.64624,4.142221,1.3161359,5.1803985,0.25430304
14.74,13.779114,10.71,7.7928467,1020.1768,1017.962,4.306594,-0.051809095,2.364633,-0.049566224
15.51,14.595001,9.9,7.8968506,1020.24084,1018.45337,3.7351713,0.26243523,-2.3652549,-0.010745623
16.25,15.149017,11.81,8.520813,1018.4719,1016.03925,7.3702497,0.066676855,-6.311947,-0.5309621
16.99,15.760834,13.04,10.684906,1017.21545,1012.464,6.3122654,0.041119985,-9.289315,-2.8725762
15.03,14.146545,12.03,12.976929,1015.2866,1011.11755,5.8568516,0.23677766,-9.180498,0.05664505
16.22,17.441223,13.38,12.755737,1015.5771,1014.0614,3.9907002,-0.43348968,-8.009558,-0.9662139
17.44,18.062347,14.55,14.425415,1015.1462,1014.09485,5.803922,1.0734595,-6.007848,-1.6990073
18.98,17.47052,13.71,13.160278,1014.0115,1012.10443,5.930996,-0.16516559,-5.043754,0.040506948
19.6,19.365509,14.03,13.174194,1014.10974,1012.07416,3.6486008,0.10170449,-8.770563,-1.3349082
17.46,15.884277,12.44,11.188782,1017.1163,1008.31915,7.148611,0.01868031,-8.427617,-1.2475768
14.43,13.618408,11.2,9.973053,1020.8265,1017.9214,7.0643735,3.4855866,5.73431,-0.041246545
16.39,14.941986,13.09,11.15329,1020.7715,1017.242,5.024519,1.2539513,-3.9356143,0.0397688
16.68,15.0112915,9.09,7.4956665,1018.9602,1016.8917,4.2831445,-0.41231412,2.3489473,0.17896447
18.39,17.15332,9.53,9.368713,1019.22015,1015.41034,4.1908674,-0.76398027,-3.908194,-1.0355856
15.82,14.713226,10.66,9.134399,1022.40643,1015.77576,4.2608395,-0.35743096,5.812457,-0.007848752
15.39,14.407227,9.66,7.9431458,1023.2498,1021.407,5.3757544,0.6412225,9.19266,0.69110423
14.94,14.910797,9.11,6.893982,1021.86694,1019.3911,4.621274,-0.014101014,7.147165,0.32115403
17.87,17.557037,9.76,8.889709,1019.85803,1015.04333,6.391391,0.09217852,-7.5457664,-0.1683685
15.29,14.340851,8.77,7.8331604,1021.75525,1015.4252,6.4584064,0.26476526,6.0024767,-0.46187204
15.2,13.936951,10.54,7.0781555,1021.878,1015.3885,4.0550404,-0.29611745,-3.52395,-0.14375687
14.82,14.980011,10.91,10.088562,1015.1371,1003.29224,12.22664,-0.0912066,-12.294758,-3.1243064
13.28,13.047119,9.71,9.358002,1009.0111,1002.2748,12.686054,4.2341022,-7.203866,0.4019653
14.07,12.971802,7.07,8.421234,1022.9344,1008.79596,7.8685474,1.699605,4.616797,0.019029576
14.62,13.328644,7.82,8.483002,1023.13947,1020.74243,5.339825,-0.26718616,4.2272754,-0.052985583
15.13,14.308624,7.17,6.95459,1020.90533,1017.4347,3.7376916,-0.2098569,4.339051,-0.05678163
14.86,16.404083,9.48,7.609009,1017.4794,1011.90424,5.5479884,-0.007844072,-5.2493215,-0.4127939
15.46,14.586517,10.98,11.451538,1016.98865,1008.6119,7.8001895,-0.11852549,-8.731279,0.236516
16.44,15.363434,12.56,8.999603,1021.3948,1017.0876,3.5705323,-0.22483854,-2.3334103,-0.15182602
16.34,15.299316,12.97,10.4198,1021.67584,1019.26544,4.1942596,-0.05792097,2.4751022,0.16205132
18.01,17.165375,13.16,11.164154,1019.4934,1016.9405,2.7892194,-0.1591932,-3.997191,0.1852623
18.3,17.413513,14.41,12.490784,1017.8184,1015.7611,3.7357457,-0.0535993,-2.768689,-0.04634689
20.01,18.152313,13.69,12.628418,1018.0082,1015.6153,2.7655265,0.020662608,2.6860602,-0.11735248
19.08,18.242798,15.13,13.39566,1016.42773,1015.2706,3.7526171,-0.011762489,-2.6657515,-0.031012451
20.56,19.304749,15.65,13.224304,1016.14484,1013.83453,5.8122764,0.059487753,-6.310567,0.070812866
18.41,17.084839,12.75,12.278778,1017.64526,1013.9389,4.093453,0.06315398,6.8993707,0.017857583
16.63,14.65918,8.77,7.408661,1017.3513,1014.15216,3.9433842,0.42739698,-3.6464677,-0.06229647
15.87,14.932617,12.82,10.943329,1015.285,1011.43475,9.266093,-0.4431392,-5.6711793,0.68918437
15.37,14.468323,10.83,9.753815,1016.74414,1014.6986,6.8035707,1.5695813,-2.3839037,0.025120845
15.96,15.269867,11.9,11.647919,1016.6521,1012.0405,9.656721,0.49112108,-4.077287,0.120863885
16.65,14.689575,11.3,10.144592,1013.5324,1008.7137,3.7172954,-0.019395692,-3.1891522,-0.0148274815
15.7,15.06366,8.99,8.408691,1011.8909,1007.37244,4.713529,0.027383398,7.2978644,-0.005739421
15.25,15.209503,7.92,7.659088,1016.2718,1010.80835,3.6156652,0.112996735,5.0124307,-0.012129556
16.77,16.200043,9.36,8.494659,1017.08234,1015.78674,3.2382498,-0.3565214,6.0980983,-0.22111881
14.82,16.154175,12.07,9.936768,1018.13446,1016.35834,4.7600813,0.13904253,7.8694043,-0.2506521
15.27,16.313599,11.03,9.979858,1019.9436,1018.00104,3.8329384,-0.088270426,5.901487,-0.11594324
16.34,17.649689,11.88,11.256653,1019.93494,1018.03815,2.419222,0.02706702,3.824691,0.139212
18.39,19.756744,11.66,11.848206,1019.61346,1015.83624,1.748835,0.005389772,4.891004,0.764133
17.53,20.115662,11.37,12.451111,1015.86774,1013.4665,-4.161121,-0.045581378,6.053554,1.0943897
17.01,17.722626,10.54,10.385895,1014.71606,1013.0941,3.4131196,0.09210246,6.121939,0.10351303
20.86,25.043457,9.71,9.39743,1014.2594,1012.2886,-4.5248146,0.051890276,2.7197835,0.12635057
17.53,20.443634,11.69,12.597809,1015.99243,1011.9105,-3.3531032,-0.17978723,-2.35302,-0.17441517
20.84,19.606476,11.2,9.77121,1016.54193,1014.7629,2.143535,-0.09186812,3.618366,0.5160189
17.77,20.363556,12.53,11.942413,1014.7919,1008.5385,2.911796,-0.060441513,3.701088,0.049112666
15.82,15.702179,13.69,13.069763,1017.3015,1008.7429,4.1034822,0.080840416,6.6885676,-0.6465029
16.34,15.653198,8.77,8.641632,1017.702,1015.37616,3.9743826,-0.20055756,5.859888,-0.11101493
16.92,15.314453,9.53,8.128876,1016.0547,1014.77423,2.9087744,0.16292046,3.2301085,0.14657669
15.2,14.848694,11.3,9.197388,1018.6897,1015.0993,-2.927042,-0.027156778,7.1244664,1.0113723
15.15,15.373322,7.87,7.4071045,1019.0544,1016.2372,3.6524692,0.10803987,4.909264,0.0033773049
15.68,14.819611,10.76,8.2291565,1016.3834,1015.27625,3.4544957,-0.3655923,-4.0232553,-0.03912453
17.27,16.612854,12.24,10.111786,1015.97565,1010.8195,4.1771655,0.078810245,-11.725663,-2.794998
16.06,14.694519,11.93,11.151123,1019.94916,1005.3551,6.8046737,1.3875743,-13.521866,1.6524444
14.41,13.42984,8.32,7.754486,1024.64,1020.66876,3.897863,-0.66733325,6.4492626,-0.0594461
16.42,13.974121,8.12,7.660858,1024.1176,1018.3643,3.3049257,-0.42181578,-3.8550377,0.02089931
14.46,14.049713,12.1,9.525177,1017.8631,1012.1145,6.639827,-0.24533938,-8.456317,-0.13675423
14.41,13.892944,9.68,7.7846375,1023.79663,1015.50867,4.0507565,-0.00012318094,4.9162536,-0.06535813
15.89,15.400482,10.83,8.547821,1024.139,1020.64557,-2.4622483,0.70868874,4.896984,-0.06340493
16.27,15.5625305,11.2,10.884857,1020.7275,1016.69745,3.4745455,0.026346842,6.1974497,0.6383989
15.49,15.532257,10.17,9.824799,1016.663,1011.9913,2.5718305,-0.05865417,3.2762272,-0.017388003
15.29,13.99881,12.44,11.1683655,1015.87537,1011.26666,3.0597558,0.24778916,3.5249531,-0.07794158
16.03,15.331879,11.64,9.573975,1016.5927,1015.5564,2.5346558,-0.2878083,2.9536002,0.044450685
17.18,17.872528,11.05,10.425873,1016.66125,1015.2532,3.6930346,0.014609118,-4.553504,-0.33346224
17.58,16.724121,14.03,14.002136,1015.7266,1013.603,3.5540764,0.079289556,5.636436,-0.09751336
16.3,16.77597,10.59,8.938385,1015.78937,1014.48236,2.3710673,0.07153637,4.778349,0.5523191
17.34,16.527435,11.18,10.849335,1018.8577,1014.1281,2.7832758,-0.067962185,2.0011919,0.11171252
17.51,17.427185,8.89,8.695068,1019.8107,1014.6951,2.489505,0.05931326,3.6799386,0.19407521
16.56,15.911285,8.42,9.592926,1014.5036,1009.37036,3.062712,-0.012787018,2.0598671,0.16255717
17.75,17.01593,12.53,10.892578,1011.46893,1008.2367,4.3481164,-0.07875914,-9.232023,-1.2043859
17.15,16.65094,13.88,11.954132,1018.1576,1011.35345,6.309706,-0.26327983,-7.4161825,-2.0854654
17.27,15.201538,9.9,8.279358,1020.49274,1013.0904,2.51528,0.021950895,-2.6229386,-0.30268055
20.53,17.65091,8.77,9.802307,1012.7195,1001.6223,3.8498979,0.04321583,-15.831556,0.1565521
17.37,16.199951,10.54,12.041412,1012.8268,1002.4076,9.946843,2.3607368,-12.091538,0.52960855
14.77,16.03955,11.25,11.4140625,1019.0558,1013.2902,6.672315,1.5581956,-7.121732,0.08592072
15.84,15.438019,12.82,11.771973,1019.1805,1017.54016,3.2832582,-0.037618287,5.5072856,-0.09575869
15.8,16.464264,10.52,9.361206,1018.9226,1016.82635,2.7908373,-0.04300362,5.198732,-0.16549847
14.05,14.0289,7.24,6.965851,1016.9888,1012.52185,2.5126526,0.0040296894,2.7662473,0.26856795
14.86,14.38681,10.57,9.477051,1016.455,1012.6993,3.408405,-0.098820485,4.435496,-0.024861552
14.77,13.955292,9.76,8.028931,1021.81104,1016.3082,2.9340613,-0.11961825,6.068233,-0.22580925
22.25,18.884491,6.64,7.2571106,1022.2937,1017.89404,-8.506725,-1.0686707,4.7245154,0.103225484
17.27,16.155975,8.77,9.825104,1017.85736,1013.0121,-4.6234937,0.01190697,3.200696,-0.0035673813
13.69,14.213715,10.05,7.677307,1013.5906,1010.7678,3.988532,0.21815695,-5.7461905,0.28826243
15.89,16.004486,10.27,8.812195,1020.7073,1010.8039,3.857595,-0.16411497,-6.506548,0.24752647
15.82,17.588165,8.59,9.822052,1021.0366,1017.1128,-4.4386463,0.17169884,3.881905,-0.02861432
17.39,15.313263,9.78,9.346039,1018.92737,1016.6934,3.1477656,-0.17480823,-2.613283,-0.039061427
15.46,14.146576,12.27,10.074066,1018.2793,1010.2468,6.940332,0.01643695,-6.9342484,0.07193922
13.79,13.515961,6.94,7.432251,1021.82874,1018.8635,-4.173029,0.098484986,6.5647264,-0.00092742994
14.79,13.676727,6.15,5.8877563,1023.534,1020.4444,3.404572,-0.2954267,6.636819,0.07495855
15.22,14.923798,7.34,7.4878845,1024.241,1022.70056,-3.2821307,-0.11097311,1.8069096,-0.00685712
16.46,15.352661,7.97,8.991272,1023.0797,1019.105,2.616065,0.16155699,-1.584882,-0.23111814
15.94,15.601013,10.66,10.611938,1019.71014,1016.5228,2.8838563,0.08726539,5.870971,0.15758923
15.91,15.778961,9.83,9.118103,1016.8893,1014.8218,2.9790606,-0.43781698,4.5470133,-0.38685572
15.68,15.215393,13.02,9.39328,1016.95734,1015.23413,2.940632,-0.12369354,2.4620593,0.115657456
13.98,15.008423,12.17,12.050293,1017.1675,1012.85876,1.9295567,0.10228189,3.920494,-0.038980886
13.79,15.328766,10.96,10.451843,1013.6475,1010.8971,2.8868442,0.08315093,3.8436158,-0.02747174
14.98,13.67334,9.61,9.953888,1017.1057,1013.91626,3.1581008,-0.20213966,-1.961354,-0.07016021
14.86,13.758057,8.87,8.122131,1017.64453,1012.1417,2.8505168,-0.04745671,-2.050547,-0.0498983
18.3,16.210815,8.47,8.605347,1012.03766,1006.10297,4.876147,-0.22855444,-4.8216715,-0.013396005
18.53,16.534271,10.15,10.854706,1007.4082,1005.7834,-1.920489,-0.009589357,-9.775627,-0.18965192
17.25,15.683136,13.55,13.186035,1009.4451,1007.76373,5.5069966,-0.04645248,-13.396177,-6.289769
15.63,14.473755,12.73,11.003662,1011.4074,1007.214,5.5731416,0.012416945,-12.936281,-3.629884
16.22,15.406586,11.22,9.429932,1012.04016,1007.64703,-4.5702615,0.13434869,-5.222017,-0.08240655
13.81,12.865204,10.42,8.29071,1020.2838,1011.78265,3.5737603,-0.11223693,5.5069137,0.13456337
14.48,13.625763,6.69,6.723053,1020.82446,1018.13196,2.9247437,0.06787725,-8.914513,-1.4676467
16.3,15.043152,13.09,12.335968,1018.11487,1013.3137,3.9208124,0.80030215,-11.70621,-6.238161
16.37,15.297821,15.2,13.990845,1017.46234,1012.2327,4.463969,2.3800771,-9.841549,-5.507507
18.01,17.162994,14.84,12.253906,1017.73914,1011.4316,4.570047,0.541557,-5.4385366,0.09647533
15.84,14.24765,11.2,10.463745,1015.12274,1008.3683,4.7670784,-0.13458274,-8.790294,0.06399149
14.6,13.383942,7.49,8.554535,1016.71185,1015.157,2.7226133,-0.00967759,-4.347781,-2.09071
16.25,15.076599,10.39,8.999359,1016.7036,1015.5103,3.396095,-0.0020687906,-5.156523,-2.989939
15.91,14.194305,10.66,9.995605,1016.8245,1011.1431,2.6830635,0.037712008,-5.3372006,0.32906145
17.51,15.4592285,12.85,12.284882,1010.7953,1004.9625,1.899239,0.14084099,-13.573641,-3.4680548
16.56,15.211182,10.76,9.615387,1010.34845,999.3568,10.131019,0.023156887,-13.688883,0.7529603
11.35,10.583557,8.52,8.488464,1015.28296,1010.6716,2.8508759,0.0049695,3.9225764,-0.15405749
13.38,11.749481,8.74,8.524078,1017.4196,1013.38116,3.6565926,-0.004465642,2.529419,0.05574449
13.98,13.46347,6.53,7.066803,1016.9465,1009.2333,1.9979228,-0.03531098,-11.152487,-2.1397662
13.86,13.014252,9.06,9.3367,1019.282,1011.64703,5.3245683,-0.13346046,-4.469478,-0.2664334
14.79,14.681702,9.9,8.955017,1021.21796,1019.65814,1.7611214,0.046467315,-5.687191,-3.0133755
14.19,13.060577,10.03,9.545074,1020.73346,1017.30585,2.590025,-0.11936283,-3.4599805,-0.3816812
16.01,14.630951,8.22,8.924774,1017.5784,1013.77905,2.1718085,-0.10604954,-8.008976,-1.5586798
16.7,15.39209,13.91,12.533051,1013.5821,1008.3693,5.646423,0.3144849,-14.358807,-3.6111214
16.53,14.91687,10.66,11.198761,1015.8618,1012.5044,-3.9169247,-0.06935861,-8.87749,-0.43937445
18.39,15.721771,14.1,13.952942,1013.66437,1008.9434,2.702809,0.11456374,-9.319632,-4.7520776
16.03,14.472351,13.79,13.443848,1008.442,1004.1395,3.4358943,0.21965896,-13.843413,-1.6857013
15.56,13.92215,11.32,11.720215,1008.4186,1003.7565,6.337261,1.4348522,-12.282189,-5.699043
13.67,11.87262,11.18,10.017487,1012.27484,1008.0437,8.087757,2.0541482,-6.6832848,1.0652373
12.77,11.119049,7.02,7.8072205,1024.7931,1011.7701,6.688857,0.09969573,6.3850336,-0.14230447
12.92,11.557251,4.84,5.505005,1027.2253,1025.4913,-4.540819,-2.1441135,3.3299804,-0.05885614
12.34,11.481384,3.93,4.97171,1025.5029,1023.70264,-3.6083186,0.038348023,2.7236416,0.062297795
13.16,13.706024,3.43,5.0786133,1023.9932,1015.64197,-3.5448515,-0.027009731,1.6817433,-0.08589933
12.41,11.9991455,3.96,6.0110474,1015.2826,1011.6024,3.0705805,0.023718523,-2.685644,-0.023994194
14.15,12.483032,8.97,7.2913513,1019.3375,1013.6884,3.117705,-0.01234239,4.742075,0.33713624
12.75,10.900269,8.49,7.7009277,1029.0618,1019.93286,6.4326034,-0.09265176,5.2680025,0.4219778
12.39,11.175873,4.51,6.1480103,1029.4302,1021.7443,-4.1047792,0.112118326,3.7867727,0.051830642
14.22,12.809296,3.12,5.239044,1021.29065,1013.88513,2.586751,0.0005174071,-8.074663,-0.18891576
14.7,13.92215,10.3,10.301758,1015.7683,1012.6992,5.0804706,0.21092515,-9.718928,-0.020901062
13.79,12.626221,6.74,8.134827,1016.1894,1015.29065,-2.3302376,-0.040446848,-1.7991407,0.19395962
15.03,13.009888,8.94,8.247833,1015.87726,1011.7088,6.324665,-0.021465005,-10.812225,0.31011903
14.15,12.840546,7.14,8.807526,1019.79803,1015.9676,2.1352067,0.046851873,-4.776329,-0.31318775
13.26,13.502869,7.92,7.7980347,1021.3335,1016.5288,-2.0489187,-0.13201378,-2.9153557,0.01834915
15.8,15.012329,8.32,7.625244,1017.04803,1011.58484,-3.8590612,0.031136137,-5.656753,-0.026994022
15.77,14.650757,8.77,10.879486,1011.2714,1003.6609,-1.6859641,-0.043023452,-5.8942256,1.3311504
16.65,14.465088,11.73,10.769928,1006.11505,1001.25195,-5.6103625,0.29519308,-12.071166,-0.1687825
13.88,12.0078125,10.57,8.855621,1007.6877,1002.0377,-8.746393,-0.7446678,-13.539291,0.56210446
13.26,12.657074,10.71,10.034302,1018.9255,1004.8931,6.09618,-0.23851594,-14.396109,-1.8259028
13.28,12.075653,10.22,9.397705,1022.94446,1019.46545,5.2454324,-0.2008886,-5.6141143,-0.03131875
13.69,13.050568,11.2,10.511383,1021.1947,1013.64575,9.515573,1.0343188,-11.247661,-0.66025764
12.8,12.39682,10.83,8.943665,1016.03,1010.8921,11.460923,2.547817,-6.3246346,-0.3066571
13.14,12.408264,7.22,7.3815613,1018.88727,1010.4272,7.279273,0.10815122,-12.627752,-0.32569206
14.17,13.343811,11.25,11.399841,1013.4178,1006.87256,7.289382,0.6076616,-12.379003,-1.0393412
14.67,13.51947,10.64,10.843262,1006.84204,993.3784,15.873988,4.429037,-13.71252,-2.5043652
12.19,11.366455,10.05,7.719757,1018.3289,995.1185,13.426788,0.6797559,7.259148,1.0519168
10.76,9.324707,6.99,6.188202,1020.68823,1018.0182,5.1341515,-0.029023502,-2.9537518,-0.11312308
12.94,12.075928,8.99,7.645752,1019.1297,1013.3912,8.629644,0.790445,-8.477991,-3.059752
13.33,12.565735,12.07,11.861084,1014.0684,1007.5259,8.005991,1.8546441,-9.671157,-3.176681
12.58,12.314697,8.07,8.621674,1017.8181,1007.761,5.9398656,0.51401603,-4.3826976,0.1709789
13.83,11.7335205,6.79,6.3207703,1018.5828,1007.3161,-2.2263744,0.17197092,-12.597959,-0.23040175
12.7,12.4878235,10.27,9.3793335,1008.5008,1000.5971,7.1992927,1.2181072,-8.600882,-0.0040513226
11.9,10.235809,8.19,8.420502,1015.9261,1008.8685,6.993929,0.8688341,-6.1301665,-0.19159032
11.52,10.286713,6.96,7.215515,1021.26416,1016.09485,6.750351,-0.13040097,-3.0309598,-0.08409042
12,10.568848,5.87,5.4394836,1019.5145,1011.108,2.980842,-0.010178537,-9.638615,-2.5110223
14.6,12.298126,11.32,10.047424,1010.9805,998.68976,3.789105,-0.10255711,-19.582867,-10.846279
15.41,13.293518,10.83,9.809387,1006.56604,992.2439,9.5292015,-0.08807066,-22.072588,-6.532571
12.41,10.561554,8.44,9.098236,1014.9868,1004.404,10.589552,0.8566648,-13.578269,0.0925317
12.46,11.8906555,5.87,8.037506,1021.90076,1013.0174,7.8980355,1.5493076,-17.04406,-0.2079773
13.83,12.988922,12.58,11.930542,1015.0825,1010.659,6.756998,1.9854274,-15.261966,-9.079574
13.02,12.504974,8.12,8.211365,1012.7071,1009.4955,5.8518934,-0.24033844,-10.7894745,0.11287295
9.98,8.968567,6.43,5.8378906,1025.2726,1012.8501,5.9859757,-0.46441513,5.474349,-0.08337079
10.37,8.78363,2.69,4.0856934,1030.615,1025.389,-4.372644,0.90657395,3.2643268,0.032947306
10.69,9.947876,2.93,3.8334656,1030.3044,1022.4634,-4.7480173,-1.828247,4.9495754,0.459301
12.73,10.582062,2.26,3.087799,1022.8158,1020.372,-3.1900177,0.24352582,-2.3219712,0.039533943
12.12,10.710175,4.22,3.4257507,1023.0135,1019.50806,-5.027409,-1.0341084,-2.3586757,0.110233955
12.24,10.265808,2.05,3.2205505,1019.45337,1018.11694,-3.5258918,-0.90189373,-2.693886,0.06870937
11.52,9.905609,2.02,3.237732,1019.5206,1017.71985,2.2496126,0.15868154,-4.2017455,-1.4602618
14.36,11.062653,7.22,5.490692,1018.0907,1009.40234,-2.5003912,-0.12871969,-11.412334,-0.36354512
12.97,11.642609,7.02,7.1235046,1012.76984,1001.7009,8.295171,0.21072398,-17.980963,0.06591592
9.44,8.868561,5.31,5.2821045,1012.8631,1006.5572,-2.4169173,-0.7635796,-2.4464798,-0.07074459
10.3,9.133545,4.48,5.5063477,1010.26935,1004.2654,7.572665,-0.08337126,-9.329317,0.1219191
11.49,10.444,7.72,7.4553833,1012.81366,1003.1438,10.044522,1.5803324,-19.712378,0.16778445
9.24,8.031647,6.18,5.486511,1021.4894,1012.77563,9.477164,-0.22705299,7.930553,-0.033713024
9.9,8.717499,2.88,3.8851929,1031.7407,1022.10034,-3.3653271,-0.48726973,3.7662678,-0.06428925
8.47,7.6296387,0.99,2.839447,1031.9855,1028.3822,-3.2705202,-1.903995,3.0113778,-0.01235615
8.77,9.051331,1.34,2.1880798,1028.5906,1020.824,-3.5463388,-0.025065796,1.9344255,-0.057599694
10.76,9.619537,0.66,2.9119263,1021.16656,1012.8108,2.7212508,0.010624505,-3.9108531,0.0730984
10.52,10.044983,5.57,5.3850403,1012.706,1007.6749,5.7419553,-0.087234005,-8.583825,-0.54180187
11.2,10.274902,7.37,7.2704773,1018.09436,1008.9101,11.531277,-0.034002375,-11.732191,0.042833433
11.54,10.721222,8.39,7.587311,1018.2628,1016.8028,11.837953,5.0250573,-11.677658,-6.067087
11.64,10.698944,10.71,10.150482,1018.5097,1016.23157,7.100306,1.4612969,-11.4335375,-4.5023046
11.95,10.683746,8.99,8.773254,1017.46405,1015.6472,1.9812511,-0.0035825714,-5.825598,-3.5342882
12.41,11.024475,9.11,8.070618,1016.52704,1007.0027,1.5500093,0.35698056,-12.829221,-2.7418437
12.1,11.213135,10.61,9.276611,1013.1585,1005.9687,6.3789806,0.92563576,-14.485703,-5.6930933
12.53,11.558319,7.49,8.412109,1013.4509,1006.2198,6.2506275,1.0452464,-16.586172,-0.5290985
11.08,10.302002,6.59,5.8355103,1011.9532,999.77704,7.7972293,0.17420745,-12.200102,-3.1829398
11.22,9.299744,8.49,5.7863464,1016.7249,1001.4199,11.923922,3.0062532,-12.624406,-0.001412419
10.57,9.261322,8.24,7.5772705,1020.95404,1017.1145,10.43707,6.8128815,-7.6652803,-0.12080102
10,9.71814,5.85,6.715912,1016.9763,1012.95825,6.9410157,0.10932619,-5.4712553,0.26273018
9.51,8.681488,4.53,4.241272,1020.1889,1014.6486,4.4282064,-0.11203861,-3.4035647,0.18133819
10.91,9.662445,4.48,4.6140747,1020.9296,1019.27875,3.4989977,0.18473615,-7.5036035,-2.2612822
10.74,10.254486,8.54,7.258606,1020.8233,1017.877,6.213495,0.087633915,-9.091874,-0.022274677
10.88,9.825653,7.07,6.0762634,1022.0781,1014.5789,8.382524,0.011408919,-9.075856,0.23946407
10.12,8.566772,6.64,6.790497,1025.4022,1013.8074,7.1798677,2.5411959,5.4507885,-0.009945849
9.88,8.679993,4.79,4.446106,1030.7341,1026.2318,4.4474616,0.0654807,4.842043,0.028601686
10.32,9.698669,1.51,2.785492,1030.0846,1020.034,3.0983906,0.3851685,-7.0876565,-0.13071479
11.81,10.855774,10.39,8.587555,1019.9227,1017.99854,3.3264258,0.7608068,-8.28249,-2.2358546
12.51,11.414124,10.17,8.685547,1017.9341,1015.2114,3.2517567,0.0046639307,-4.621465,0.023101129
13.5,11.108765,9.19,7.8168945,1014.9176,1011.70404,3.5196867,0.06527454,-8.063095,-0.6965621
12.49,10.956299,9.63,9.166016,1016.97845,1012.7347,5.651187,0.9011579,-10.820968,-1.4337252
10.37,9.2517395,4.95,5.4049377,1023.5924,1017.60333,5.7126617,-0.018292911,4.0847363,-0.023318313
9.34,8.5399475,4.19,3.6878052,1021.7603,1011.5993,-5.539676,-0.58989733,3.380983,0.2513551
9.36,7.973358,4.53,4.329712,1024.4552,1014.99915,-3.6283677,-0.13045388,6.2422323,-0.029888162
9.56,8.411896,4.79,4.032501,1034.9872,1024.9144,-2.6298354,-0.12125381,4.813097,-0.14583294
9.68,8.966187,5.72,4.317688,1035.3759,1033.8395,-2.9025962,-0.009221143,4.8148165,-0.5257321
10.88,9.631134,4.14,5.371887,1034.2546,1024.9243,-3.1487527,-0.10735504,4.307505,-0.068377435
8.72,9.085236,3.75,3.6979675,1024.3824,1015.04443,3.5579085,-0.017517569,-4.2518134,-0.18536617
9.98,9.055267,6.05,5.878937,1024.6062,1012.74133,5.9538126,-0.38910148,-8.548498,0.3602325
9.51,8.9253235,1.1,2.8424683,1029.5487,1024.8568,-3.3294427,-0.05811481,-2.3276453,0.0011120448
11.13,10.986023,2.07,3.0348206,1028.089,1023.1429,3.1299772,0.011768433,-6.6403017,-1.6328477
11.47,10.4704895,9.24,9.064453,1025.2345,1021.34955,2.7761772,-0.26497132,-6.829042,-1.2201787
10.76,11.2677,3.51,3.522644,1027.1559,1020.9607,-4.3448963,0.24627276,3.6115363,0.013608432
12.24,11.836578,3.27,4.988739,1020.79736,1006.894,-2.9318316,0.21621165,-7.7942224,-0.03804582
11.93,10.975861,8.77,9.46875,1013.2953,1005.9383,8.653732,1.6069176,-14.390149,-5.69417
11.39,9.471588,8.62,6.3590393,1017.52124,1013.31085,9.60996,1.5327673,-8.177812,0.3168403
10.34,8.532471,7.44,5.6255493,1024.0295,1016.86615,6.371745,-0.95661914,-3.5167863,0.15352331
10.1,8.701752,3.41,3.7543945,1029.4366,1024.3473,-3.1823683,0.19187537,5.895531,0.22676589
8.94,8.039215,1.75,2.873993,1030.6382,1029.2157,2.893901,-0.13361925,6.4748173,0.022631032
10.2,9.950348,4.25,3.9826355,1030.434,1028.946,-2.8961136,0.23395039,6.0330105,-0.54416347
11.13,12.122253,1.99,3.641388,1030.0577,1024.0758,-3.178139,-0.42479435,3.335924,0.02100074
9.83,9.954285,2.69,3.5054626,1024.1617,1021.63947,-2.7566547,0.08453773,4.0601954,-0.070199735
10.25,8.565491,5.95,5.882141,1023.6895,1022.88635,3.2662747,-0.08557495,2.017577,-0.04294525
9.26,8.835449,6.46,4.543152,1023.7112,1015.66327,2.4029276,-0.27440095,-2.3969352,-0.704237
11.25,10.454681,6.08,5.4316406,1015.4865,1000.62335,3.838348,0.010673401,-15.491459,0.34568515
12.29,10.407288,10.52,9.4835205,1001.4266,990.86,9.162882,-0.28257546,-18.330524,-10.077926
12.49,10.856079,9.39,8.841461,1004.764,1000.784,9.50203,1.1348569,-10.412155,-5.71571
10.3,9.995789,7.69,7.955658,1004.36304,999.892,6.6531243,0.9869089,-9.045596,-5.605905
9.14,9.414368,6.1,6.686371,1007.5321,1004.13525,5.9141073,0.0049347025,-7.4494224,-0.8884067
10.05,8.930481,6.05,4.8035583,1017.6543,1007.27435,4.2527547,-0.11605847,3.6163778,-0.013280921
8.42,7.8562317,5.67,4.1112366,1012.90704,993.6654,-10.949178,-0.568905,6.825528,0.28871262
9.01,7.7373047,6.1,5.085327,1017.6792,1000.3141,9.394825,1.5547806,7.4553084,-0.16533147
7.84,7.033264,1.51,2.2887878,1020.252,1017.9074,3.1505961,0.07791785,4.6015058,0.015387773
9.01,8.501923,4.12,1.8698425,1020.38354,1010.23096,9.309215,-0.04530756,-8.261849,0.43002534
9.71,8.33609,5.95,6.340088,1010.0853,1004.90576,14.181569,6.844984,-8.596709,-1.8118349
10.05,8.319946,4.04,4.55661,1016.7967,1006.0938,13.384331,-0.3507844,9.307179,0.26068527
10.79,9.8479,7.59,4.770752,1015.933,1001.9609,7.028838,-0.0003089654,-15.77364,-2.8756528
12.41,11.243195,7.72,7.5663757,1014.06006,1006.77167,4.4626303,0.88179624,-6.170964,1.8180385
14.43,12.463226,11.56,10.7560425,1011.2098,1008.8468,4.544559,0.35964623,-12.402993,-7.443469
12.03,11.139557,9.85,9.118683,1013.65265,1008.5528,4.8144865,0.44522485,-10.603594,-3.6548152
12.73,10.168182,9.14,7.7836,1018.8261,1013.0489,2.7569983,0.039237775,-5.17249,-0.11882081
11.49,11.594177,8.82,7.4562683,1021.8119,1018.8608,2.1972191,0.0382982,2.2698102,-0.040841885
11,10.919037,6.03,5.9952393,1021.81195,1017.836,3.2461164,-0.073434114,2.7137043,0.30289945
9.58,10.690155,7.22,4.825897,1017.8596,1013.8636,2.0502443,-0.04999896,1.8082795,-0.024777105
12.92,11.95105,6.43,5.541443,1014.683,1012.4219,1.6204889,0.010531204,-10.975418,-0.10039088
12.82,10.789825,8.24,7.9933167,1012.07947,1008.7898,-4.7653227,0.055069722,-8.906295,-2.5735703
11.47,11.78772,6.56,5.785797,1019.20337,1012.0744,-6.5292563,-0.083929,-3.4411922,0.03574634
11.9,10.799713,4.06,4.6905518,1027.4047,1020.18225,4.8412,0.094169006,-3.8898888,-0.6690841
12.41,10.04071,6,5.787018,1027.9913,1022.8861,1.981364,0.021942686,-7.6354194,-0.9407861
11.42,10.328461,8.87,7.535492,1023.49164,1016.52435,4.538112,0.429166,-7.9666853,-0.33760133
12.34,11.273926,6.36,4.8645935,1016.34125,1006.71295,3.718439,-0.031385746,-9.657259,-2.1649106
11.78,11.107605,9.39,7.040985,1007.43115,991.2572,5.1383486,-0.1863167,-13.072592,-0.0016122701
11.47,8.726807,6.13,5.616791,1006.8834,990.7327,13.602613,0.24908598,-8.910137,-0.94032466
10.96,8.825317,6.48,6.0229797,1024.0092,1007.36414,8.494072,0.47971058,-3.9597356,0.20332143
10.25,9.164612,6.46,5.2460938,1024.7004,1019.54736,6.0454307,0.50487894,-6.580391,-2.4607675
11.1,9.824005,9.04,8.716248,1020.3594,1017.8116,6.354754,3.6093318,-6.9297276,-4.430433
11.32,10.315186,10.27,8.796204,1020.7383,1015.3265,6.806191,1.6770048,-10.391758,-5.9303794
11.32,10.237946,8.74,8.39563,1017.07544,1014.4075,6.572416,1.7505487,-7.98026,-1.9447126
11.05,9.917511,7.32,6.21875,1019.5989,1016.72046,6.318228,0.18464902,-5.234225,-0.46252406
11.05,10.06842,6.18,4.8624573,1027.0245,1019.87415,2.9367056,0.05441363,3.3187385,-0.08337221
10.32,9.622314,4.51,4.205536,1029.9246,1027.4575,3.1518788,0.36112797,4.635051,-0.019879982
12.56,12.195831,4.25,4.992218,1027.1489,1014.44025,-3.5846279,0.15619725,6.132532,0.20884812
12.92,12.044525,8.34,5.869629,1021.1859,1014.78394,4.3102303,0.09725572,-7.930752,0.0385769
14.15,12.353699,10.49,9.588989,1021.5022,1017.11206,2.0074637,-0.045129195,-10.781515,-6.626356
13.11,14.590363,9.11,10.881592,1017.07794,1008.4282,3.8252468,0.13144577,-6.883816,-3.0858068
12.15,10.589355,8.59,6.8795166,1021.2709,1004.79474,6.50274,-0.3410363,-13.708952,-1.9390253
10.64,9.686035,4.14,4.5875854,1024.748,1022.2368,7.329237,-0.05754274,-4.846653,0.081216566
12.05,10.55069,5.74,4.7674255,1024.3966,1022.1678,4.9151487,-0.0398459,-5.7281694,-0.59708005
12.24,10.726501,4.12,5.2015686,1024.167,1017.7107,3.1609035,0.052167863,-2.7601993,-0.55356187
12.63,11.412598,5.31,5.024719,1017.649,1006.21094,8.840372,0.06086958,-10.378591,-0.2627814
10.81,9.519257,7.04,6.984741,1016.1103,1006.0966,10.30881,2.9788866,-6.9369907,-0.18376432
11.18,10.714569,6.69,4.3529053,1017.2662,1001.59094,6.3513703,0.03757526,-14.406638,-2.091681
10.64,9.336456,7.77,5.4713135,1025.9299,1011.17065,7.653511,-0.10142548,10.294154,1.2249243
10.2,8.560944,7.64,6.615906,1026.188,1023.29095,6.1083584,3.058682,-2.393684,-0.1708956
10.57,10.058533,8.14,5.469055,1023.3898,1019.7718,5.2681193,-0.016803615,-4.472471,-0.6713626
11.32,10.785248,6.89,4.097168,1027.9075,1017.4263,3.0069625,-0.051904537,6.8448334,-0.09843797
11.42,9.826263,1.97,2.723114,1028.6377,1024.1888,-3.799457,-0.1775941,4.699864,0.13335326
12.27,11.416107,5.39,3.4596863,1023.84106,1016.1304,3.671734,0.42250094,5.624909,-0.044545915
11.37,10.243439,7.64,4.524292,1021.48755,1016.69086,2.9545255,-0.02869606,3.115337,-0.13439915
11.88,10.648712,5.92,6.3762207,1021.83264,1017.46344,2.736856,0.15686755,3.3272822,-0.052244507
13.16,11.793579,8.09,6.3409424,1021.2382,1016.80743,3.589541,0.056515064,-5.1072693,-0.709596
13.62,13.014404,8.49,7.488495,1021.636,1016.1666,4.244964,-0.37621173,-5.218245,-1.0515087
13.09,12.923065,7.9,6.6410522,1015.9924,1012.77966,5.222496,0.022126056,-8.360889,0.11979016
12.46,10.734985,7.34,7.1612854,1012.8846,1004.5837,9.081307,0.055417564,-12.29763,0.3786743
10.39,9.127411,7.09,5.795624,1021.31555,1007.8296,7.811186,2.113045,4.405845,-0.042343687
12.36,10.40152,8.67,6.4730225,1022.3432,1021.22943,8.512566,3.881391,-6.495597,-2.146582
10.66,10.789825,8.92,8.305328,1024.4491,1020.68384,6.6773124,2.741752,-4.191408,0.2788578
12.03,11.427185,7.19,5.3518066,1028.201,1023.94666,3.7795727,0.5325632,2.4090023,-0.009615865
12.46,12.432953,9.06,5.614563,1027.638,1022.7488,4.3694706,0.21999131,-2.746448,0.12964697
14.62,15.382477,9.24,7.652527,1022.75146,1014.15735,2.7748268,-0.013209515,4.402481,0.46880683
13.67,12.2612915,9.68,8.656189,1018.2924,1012.9132,4.5339737,0.47437176,-5.713919,-0.11606688
12.12,10.768768,5.9,5.0726013,1022.47577,1018.77313,4.2582216,0.15153031,-3.477443,0.031466182
11.81,10.594482,6.81,4.42688,1023.9051,1021.2405,5.934595,-0.552827,5.2921395,0.08304141
11.37,10.152466,8.69,7.9309387,1021.1738,1017.71594,7.467762,2.5588,4.5851665,0.0824267
13.09,11.233826,9.04,7.207245,1020.3514,1013.4162,8.648129,1.6675159,-9.94513,-3.3799512
12.03,11.566437,10.12,9.908234,1016.06805,1011.94904,10.734808,5.993291,-8.524509,-0.37416598
12.41,11.641541,9.66,9.685699,1018.04974,1014.3817,6.6301484,2.4112768,-9.990408,-4.732893
12.41,12.714081,11.08,9.772736,1020.73486,1017.63617,5.497409,0.5658024,-5.487464,-1.1181132
13.62,12.858826,7.57,6.2987976,1021.44196,1020.0032,3.7294307,0.033933032,-2.2397342,-0.1404941
13.5,12.390808,8,6.9851074,1023.1128,1018.592,4.098519,-0.008798266,5.664783,-1.1512519
17.77,15.840759,5.46,3.3051147,1026.7437,1019.7225,-4.5458875,-1.1548209,5.0970154,0.9703087
23.5,19.365936,10.86,7.5917053,1019.55255,1012.599,-6.2251415,0.19909242,3.059431,0.010482527
13.88,13.192902,10.88,8.180756,1016.1157,1012.50134,5.876271,0.26371467,-7.315667,-0.15509476
14.62,14.468903,10.44,9.741791,1016.39343,1008.9311,4.5460668,0.6486741,-9.952539,-5.6474805
13.5,12.439056,8.17,8.433014,1012.95917,1002.7875,9.581334,1.4668657,-11.458351,-0.586008
12.73,11.354919,7.62,7.204254,1026.4218,1014.6181,7.9855957,2.2038412,5.455721,0.07071771
13.11,12.430756,6.33,5.4096375,1027.2072,1022.41205,3.5053756,-0.07221506,6.057066,-0.014303245
13.11,12.238129,7.49,5.713562,1022.3696,1019.83966,3.9363253,0.20014718,2.3551745,-0.013208537
14.41,12.698517,8.57,7.1493225,1020.42017,1018.95056,3.459974,0.01064589,-4.0935173,-0.5153001
14.34,13.704956,8.87,6.6770325,1021.59467,1019.109,3.3266773,0.050478596,4.528791,-0.11497322
13.16,13.364044,7.34,6.7993774,1018.92365,1013.0386,4.659061,-0.004930558,-3.9324436,0.022526082
13.28,12.049408,9.31,6.548645,1020.712,1012.3142,8.981121,0.5827009,-9.768129,0.7464662
13.4,12.818481,6.91,5.609314,1020.71436,1016.2029,-4.6840134,0.24854438,4.65597,-0.061712254
11.69,13.369751,8.97,8.486847,1017.2145,1015.03033,3.0356963,-0.0666083,5.4198976,-0.170954
12.82,12.272003,9.04,8.518799,1018.2969,1014.1512,6.780123,0.03902312,-5.403303,0.02314519
12.19,11.147583,9.51,8.2247925,1017.02563,1008.0563,10.267784,0.8898186,-7.9017153,-0.96115136
12.17,11.5242,7.59,7.369049,1027.2957,1006.6731,10.869196,1.4423273,8.102016,0.026633248
12.15,11.352875,3.88,4.1922913,1029.3479,1024.565,3.7845943,-0.24882305,4.078211,-0.1457785
12.32,12.721954,7.77,5.3786926,1024.4778,1018.354,5.3873687,-0.14840807,-5.260593,-0.282094
13.52,11.759613,10.37,7.0121765,1021.87695,1018.97107,3.3611267,-0.16574,4.0733337,0.29569307
12.85,12.779114,9.19,6.948395,1021.31396,1019.35095,3.3588824,0.5727241,4.0564427,-0.12354583
12.65,12.193878,9.53,8.837006,1019.73456,1018.30133,4.5312943,0.19004132,-5.7438154,-0.17997047
12.46,12.357697,11.64,11.138306,1018.623,1014.30304,6.4794836,0.75337064,-6.297407,-0.28484285
14.58,13.516388,10.1,9.813934,1019.85046,1015.1658,5.8654895,0.21189788,1.7888703,-0.0051403088
14.1,14.900452,8.99,8.130768,1020.26776,1014.95087,3.552725,0.13005765,-3.9061396,0.4638851
15.2,15.54892,12.29,11.110962,1014.9246,1012.47125,5.5388956,0.021109017,-8.956825,-0.47944364
13.67,12.907928,9.98,9.368225,1019.086,1012.4851,9.037803,1.6547751,-9.27195,1.5612673
13.04,12.687775,7.97,6.242401,1018.613,1015.7073,4.233194,0.31836,4.4648557,-0.16344191
13.76,12.099945,7.74,5.699768,1023.0067,1016.59924,4.6479163,-0.18032634,3.0791826,0.035530895
15.17,13.965912,9.68,7.367401,1023.32916,1018.9094,4.987016,-0.13045733,-7.28155,-1.137116
13.91,13.301483,10.2,7.40683,1018.8893,1016.58026,3.808006,0.012264587,-4.9673085,0.0038952322
13.74,13.160858,9.68,6.5368958,1018.5837,1013.64307,3.9627874,-0.24354187,-2.3854215,-0.14639322
13.21,12.519775,11.56,8.82373,1018.55945,1009.56177,8.231239,0.036802717,-9.242655,1.2956182
13.64,12.120209,7.37,6.1842957,1022.6661,1019.0199,4.0598397,-0.20454524,7.3484645,0.39831877
13.98,13.525116,8.29,5.811798,1022.70123,1020.8716,5.002688,0.04870687,7.5337124,0.43417072
13.95,13.42627,7.32,6.100952,1023.82117,1022.337,3.3732204,0.1485492,4.7025385,-0.01083905
13.45,17.049652,10.2,8.312073,1023.8257,1021.22906,3.2719414,-0.16814397,6.5830016,0.28497484
17.44,18.728943,9.14,9.557617,1021.4425,1012.4486,-3.4943511,0.008476461,4.930386,0.6339599
15.25,16.568665,9.71,9.354919,1018.5902,1010.1771,3.016073,0.0015840832,4.4259863,0.606007
15.91,16.302338,9.68,8.304413,1021.72595,1018.5428,2.9804442,0.06283444,4.545858,-0.42546758
14.79,16.369293,8.67,7.9778137,1021.2332,1016.0536,3.608867,-0.020325217,5.825575,0.26589906
14.07,14.475555,10.86,9.286804,1016.0608,1009.1916,3.6357458,0.07476907,-3.0621555,-0.0006777421
13.71,13.75589,10.05,10.942413,1008.6277,1003.06805,10.809839,0.4356228,-11.471437,-2.3643725
13.67,12.811066,9.95,10.269989,1015.3979,1004.7528,12.156015,5.0249133,-6.3204823,0.19635245
14.36,13.569977,9.48,9.033173,1019.5323,1015.30786,4.399986,0.09550197,4.053966,-0.023476617
14.22,12.977417,7.34,6.5224915,1021.0231,1018.46906,4.0208163,-0.1479145,3.2368815,0.29574737
14.1,14.073822,8.67,7.9999695,1021.23706,1019.01654,4.0832205,0.71601504,5.108314,-0.31807235
16.39,16.386597,7.67,7.2767944,1018.92975,1013.2664,3.588044,-0.20695275,4.5748296,0.010686858
14.98,15.473267,10.25,10.283234,1017.1354,1011.7287,6.5741735,-0.13236012,-4.5850577,-0.09147444
14.72,15.08493,12.19,11.2508545,1017.56476,1016.0061,3.903359,-0.03720936,2.592893,-0.15651548
15.17,15.93985,11.54,11.209198,1019.158,1017.2875,4.545095,0.4987751,6.813747,-0.21951964
15.1,14.724457,9.48,7.805542,1019.0754,1017.9107,4.5146303,0.36369878,6.3687396,0.03773352
14.82,15.058563,9.83,7.5034485,1020.2787,1019.0731,4.878981,0.2889235,7.0662107,0.025116744
14.98,15.448669,11.78,10.457642,1019.90216,1013.5033,2.8793933,-0.008338811,3.773133,0.08011652
15.41,14.278442,11.71,11.8689575,1019.3884,1012.44604,4.455996,0.5012925,2.1907082,0.12438079
16.94,15.441162,12.07,9.384888,1021.8878,1018.98236,3.5821548,0.05582671,2.1437697,-0.25120434
16.99,16.386627,13.88,11.435242,1021.698,1019.8119,4.2045927,-0.035720572,-2.4589581,-0.22049417
17.65,16.92044,13.18,10.316254,1020.72534,1018.0248,3.6470995,0.069711015,-2.5462499,0.34406412
17.53,16.787872,14,14.220703,1018.07245,1016.4406,5.2954125,0.9822827,-4.7028227,-0.0014924526
18.01,16.017212,10.74,8.976929,1017.28564,1011.62555,3.300587,-0.030015389,-2.0714405,-0.015669826
16.82,15.294434,11.25,13.489777,1014.6242,1009.02563,7.704359,-0.008536557,-7.4417567,0.015312374
15.84,14.892609,9.95,9.806305,1018.60547,1014.32446,7.1176634,0.33721069,-8.57172,0.017780956
14.82,13.825806,12.9,12.121429,1013.9904,1005.3083,10.505803,4.1591225,-7.8593965,-1.5099877
14.7,14.524872,12.97,10.778412,1005.24786,996.793,11.159829,0.7241793,-14.093939,-3.3726988
14.77,14.033386,11.2,10.662872,1009.1857,999.65216,9.930144,3.233857,-6.58703,-0.12008349
15.51,15.095642,13.16,10.646881,1009.6128,1002.9724,10.805274,0.25635684,-13.703516,-2.7605898
15.53,14.080322,10.76,10.494202,1019.2918,1009.9118,9.675927,2.2715666,-3.8671696,-0.040329207
15.65,15.202118,8.42,8.738159,1019.2252,1016.3669,3.879041,-0.10902523,5.9596186,0.027974961
15.53,15.793884,9.85,8.95108,1017.991,1015.45123,3.497958,-0.03349262,3.6530077,0.052872263
16.39,17.237396,11.47,11.424194,1018.1105,1015.3141,3.7248685,0.016072053,-2.876373,0.016275255
17.15,15.901184,14.94,13.922272,1015.2287,1010.8906,3.4131973,1.1686988,4.1928806,0.33137754
18.01,18.197113,10.59,9.314575,1015.19116,1010.9281,5.3937464,-0.14806943,-4.9138308,0.1648441
18.27,16.617188,13.52,13.140137,1016.6188,1015.30005,5.0860763,0.013723735,-5.8447046,-1.4884288
17.56,16.158112,13.81,10.823669,1018.1869,1015.49835,3.3151555,0.11923237,-4.3919873,-0.13184896
16.39,16.17041,10.64,9.384644,1016.1813,1013.9006,3.3963873,0.14494336,2.4441805,-0.07698622
20.06,17.880035,12.46,10.922546,1013.98083,1011.9202,5.18898,0.021056533,-8.788204,-1.1068716
16.77,15.519104,13.02,13.211334,1016.2017,1010.7048,4.740135,-0.06321779,-8.522398,1.0050151
15.41,14.68512,11.32,8.554565,1017.35236,1015.454,8.352415,1.0494342,5.19246,0.2748591
13.02,12.007263,8.05,7.311737,1017.0464,1015.26263,6.326236,0.64042485,4.551111,0.73416585
14.7,13.370361,5.62,5.7852173,1022.34424,1017.4662,4.2530313,0.8895959,5.888722,0.031615913
16.08,16.83429,6.03,6.586609,1024.3121,1019.5672,4.5200744,0.094097845,8.039554,-0.037866563
20.15,17.187592,8.52,7.5959167,1019.20935,1015.88696,3.4002721,0.29343602,4.040265,-0.057804685
16.11,15.563477,8.77,9.049438,1016.928,1012.4701,4.4753428,-0.26872414,-6.1242843,-0.0010318689
17.18,16.201416,9.24,11.180817,1012.5976,1007.6833,5.3651752,-0.18064761,-9.031814,-3.1144636
15.68,14.847839,12.34,12.575958,1008.2518,999.9163,10.925385,0.03759195,-14.893736,0.6959086
15.7,15.884125,12.9,12.898254,1015.18353,1006.584,9.9755,4.8312244,-12.362043,-1.502657
16.63,15.693573,12,12.110107,1017.13586,1014.4339,6.312469,0.751303,-3.689947,0.08882967
16.58,15.68985,12.75,9.268768,1016.7804,1015.4215,4.0494123,0.0677541,6.691044,-0.005288783
18.41,18.790497,9.9,9.214233,1017.09564,1015.9665,-3.1297612,0.049561664,4.500759,0.11124724
20.72,19.671051,10.66,10.201691,1016.21924,1011.69806,2.3533359,0.023889706,2.1891696,-0.12193278
17.51,16.60675,12.17,11.5954895,1012.76953,1011.0479,2.6821158,0.09761831,1.8485652,-0.04550854
17.34,16.702637,8.72,9.102081,1013.4126,1011.8314,7.2283487,-0.03591533,-7.8693147,0.04897609
15.84,14.722443,12.1,10.480194,1020.4532,1012.15436,7.482431,1.3222286,4.8115845,0.024720963
16.01,14.799957,9.29,8.3862915,1021.0075,1014.3015,3.5529976,0.024811016,-6.3615117,0.36730117
15.65,14.915527,13.57,12.393372,1014.3427,1012.4723,5.2286563,0.5366076,-7.0096254,0.19748637
17.25,15.666565,12.32,10.457397,1015.8426,1013.3363,2.207996,-0.014173756,-2.0084827,0.07012864
16.96,17.189667,13.43,11.313965,1016.93835,1014.47,3.4435737,0.064320296,-1.3759297,0.17499253
16.63,15.622437,12.75,10.71521,1021.4519,1015.4035,4.37335,-0.020394355,6.0872474,-0.035789356
17.11,15.652039,11.44,8.482239,1022.5719,1020.84784,3.1380644,-0.331736,3.880981,0.03852334
16.58,16.834808,11.25,10.643982,1020.9211,1015.4207,2.594219,-0.008929554,3.1731992,0.055899404
18.68,18.42572,13.23,10.150421,1015.4816,1013.65375,4.427029,0.114706255,-7.607487,0.037758626
18.01,15.901184,12.9,10.0130005,1019.2141,1014.236,3.7598774,-0.0066079525,-7.6614394,0.538152
17.11,16.474854,11.15,9.600159,1018.23865,1015.221,3.4498053,-0.16204934,4.964788,-0.058574777
15.03,14.139862,9.78,8.100708,1022.90076,1016.3949,4.946128,0.016594458,7.469173,0.4126645
15.46,15.31604,7.77,7.887329,1025.5138,1022.774,4.173379,0.02559826,7.566902,0.3534154
15.82,12.548248,10.59,12.548248,1024.7906,1024.7906,-0.5643428,-0.5643428,2.9773757,2.9773757
16.11,16.222748,12.63,12.406311,1013.63983,1012.3134,3.4680698,0.042461038,5.95323,-0.054185662
15.25,15.190155,11.93,9.006195,1016.0531,1013.06104,3.5252001,0.16525364,3.0782223,0.010176195
16.94,16.415894,10.37,9.588562,1014.8731,1012.2326,5.3012395,0.057457767,-5.7861032,-0.24645443
15.63,14.722076,10.05,8.864655,1023.35474,1014.0878,3.8035848,0.15544687,-5.0737424,0.08013056
15.46,14.846741,7.49,8.105835,1023.41815,1015.9347,-3.887472,-0.62698746,5.4316473,0.039854605
16.34,16.153473,9.9,9.315399,1016.29095,1014.7285,2.6193724,-0.10381259,-4.3013372,-1.4213426
17.13,16.58731,13.52,12.938507,1015.59717,1012.3362,4.8667455,-0.03830786,-7.7735653,-0.13288783
17.3,19.192719,10.98,9.321655,1018.0784,1013.86206,-4.7100797,0.111356735,5.662291,-0.28150892
22.42,19.55252,15.37,12.93219,1021.06726,1017.3766,-9.523633,-0.9992561,3.1355925,0.10432466
25.06,20.533081,14.89,10.92157,1018.5571,1013.9205,-6.4564123,0.2929576,2.7084527,-0.1538902
19.29,17.415588,11.27,12.27829,1013.9219,1010.509,4.8225183,-0.03261552,-3.4118202,0.038447384
17.87,17.445251,15.25,12.806366,1011.7821,1010.6242,4.9691386,0.068355985,-6.8974314,-0.49485883
18.91,18.178467,13.5,12.141815,1011.8669,1006.6448,6.4929805,0.0071964385,-12.985208,-2.5097134
16.92,16.318787,13.4,13.214081,1010.3169,1005.69946,7.70678,0.805148,-7.8052263,0.11220684
15.32,14.369507,12.12,11.139618,1014.7738,1004.6699,15.595083,2.1977477,-11.760727,0.1542746
15.39,15.121399,12.39,11.408142,1019.2581,1014.8248,11.058299,3.560193,-6.393633,-0.075873576
15.96,16.186523,13.52,13.014008,1016.2269,1011.50214,9.124746,2.7783928,-8.49086,-0.8765423
16.99,15.972015,14.27,12.035889,1015.6013,1012.34656,3.3386502,-0.10237217,-7.7109,-2.019513
15.91,15.32785,12.7,11.987579,1014.25165,1008.15826,7.5037613,0.45219484,-6.968093,0.46144658
15.01,13.941864,10.27,10.512299,1018.89655,1014.0538,8.066277,2.3157604,-4.336261,-0.093277305
15.46,14.754517,10.44,9.26178,1019.13617,1010.7788,4.582623,0.4283247,-8.20746,-0.032185294
15.41,15.089081,12.85,12.392853,1009.9807,998.2643,9.532425,1.0343459,-12.620749,0.9067498
16.39,15.478943,12.44,12.581116,1012.7302,1003.7123,8.426263,2.1441028,-8.546365,0.1134787
15.32,14.823853,10.61,10.715088,1011.9048,997.64154,12.786405,1.2361207,-15.963561,-0.25223047
14.46,14.206848,12.03,11.191437,1023.8328,1013.06586,8.9660425,1.1893647,2.6915967,-0.031764474
16.03,15.671204,11.95,9.856445,1024.1255,1021.5105,3.2110267,0.17422539,-4.1786304,-0.24813645
15.41,15.3611145,8.97,8.552673,1022.9693,1018.5465,3.4470854,0.53736055,5.77391,0.18488668
15.51,15.305481,11.98,11.338776,1021.28015,1017.2351,3.718234,-0.14380303,5.4885316,-0.22050607
14.94,13.989166,6.81,7.807373,1022.2621,1021.30225,-3.2391698,-0.13113028,3.5602221,-0.03886182
17.56,15.309845,11.3,9.293976,1021.8003,1019.66907,2.363159,0.06157702,2.798199,0.4802349
18.51,15.518433,12.17,10.895355,1021.576,1015.0533,2.3074908,-0.021541664,3.203362,-0.21890122
16.08,15.507751,11.08,11.326263,1014.8722,1007.3882,8.163362,0.026777618,-10.166287,-0.037621964
13.91,12.588318,10.27,8.677673,1024.9719,1011.3963,7.022475,-0.16943252,6.726699,0.4454515
13.95,13.323578,6.46,5.852844,1026.112,1021.87537,-4.0839934,-0.03209653,6.214664,-0.18352182
13.76,13.244843,6.69,6.1303406,1022.114,1012.0055,-3.688974,-0.18569678,-3.135147,0.013369587
16.96,16.56012,10.08,9.85376,1012.7176,1007.45386,3.467148,-0.081635974,-8.306585,0.30612934
13.43,13.334595,11.76,9.6502075,1016.9282,1007.7126,4.824223,-0.032193065,6.1458774,0.5118755
15.84,14.545929,11.35,8.849823,1017.2681,1002.9001,6.6823916,0.09227981,-11.250611,0.12382326
13.31,13.027496,9.73,9.119354,1021.95386,998.9587,12.270994,3.8723283,-10.728401,-2.3521893
14.39,13.145111,9.39,6.959564,1025.4452,1022.9084,3.344971,0.08889547,-3.2566094,0.06342628
15.63,15.51416,9.21,8.413147,1024.5667,1014.19476,3.2496364,-0.1542428,5.1946464,-0.018209808
16.61,15.168304,11.22,9.380554,1013.9271,1007.87524,7.23217,0.023933908,-10.620779,-0.008703709
15.8,14.2005005,9.71,8.885529,1013.7226,1008.71344,6.8585625,0.93402505,-8.910078,0.08936516
14.17,13.197449,11.13,9.893066,1011.7425,1006.9046,10.955559,1.7833099,-11.237034,-0.1892338
12.9,12.062286,7.74,8.171112,1027.7157,1008.7439,13.866768,0.26677775,7.409176,0.3541303
12.44,11.946625,8.32,6.006134,1028.2247,1024.583,3.1262987,0.40993738,3.938361,-0.039939974
14.17,14.127502,8.89,5.8413086,1024.7236,1021.46124,-2.547784,-0.12719089,-2.2469885,-0.12587428
13.74,14.261871,10.08,9.28241,1021.5184,1015.2396,4.456579,0.029327098,-3.2257166,-0.17899063
14.96,13.3573,10,8.93866,1015.1306,1004.9856,9.403281,0.64753914,-10.467604,1.3235039
12.53,10.937073,8.27,7.6976624,1021.47266,1012.72046,6.7652397,1.3348627,-4.8836226,0.43492848
12.8,13.00531,10.57,9.646973,1020.96906,1013.9663,4.855622,-0.5695102,-9.239863,0.16722122
14.48,13.276337,13.04,12.483124,1014.05493,1011.1925,6.202731,2.0350258,-8.841905,-4.7084303
15.08,13.353455,13.69,12.846558,1012.8694,1009.07,7.2147307,1.8305465,-11.854695,-3.5662117
14.43,13.489838,11.47,11.234863,1017.6211,1013.0909,2.8463593,0.14867175,-4.599782,-0.047813576
11.86,13.456451,6.31,7.6714478,1017.94745,1011.7862,2.7867007,-0.022965088,-1.6897204,0.06705571
12.77,12.587524,8.44,7.7482605,1011.51245,1007.38025,5.3840566,0.19085352,-8.575763,-0.8517045
13.52,12.193481,5.31,6.8583374,1017.0252,1012.0687,3.2133796,0.10412311,-3.9026892,-1.3002723
12.51,12.131989,10.12,7.235504,1017.4041,1013.94257,6.603783,0.17210828,-5.769463,0.76422566
13.74,12.268158,8.09,6.561035,1021.6323,1016.8586,5.0535684,0.004111362,4.938129,0.03712879
13.52,13.23526,9.93,8.258636,1022.3525,1020.5143,3.0069287,0.063553475,-4.055825,0.13926187
13.33,13.061371,7.87,8.430023,1021.0042,1013.0213,-4.117925,0.08172968,3.5847983,0.24612893
13.52,13.712952,10.74,8.51236,1020.89154,1012.6353,3.703388,-0.031970195,-2.7657788,-0.10283378
13.81,13.688538,10.27,9.239014,1022.35956,1018.79407,-3.076183,0.007969418,3.6778905,-0.1093059
15.65,15.024109,5.85,8.358826,1018.55414,1013.6208,3.5679743,-0.07456736,-5.6937494,0.011091123
14.22,12.73877,10.57,9.066132,1014.26794,1011.7851,4.304054,0.04895066,-5.9937534,-0.18854475
13.64,12.364319,9.21,8.693939,1015.29346,1009.1889,3.2611973,-0.07629849,-10.406931,-0.8966425
13.11,12.254486,7.07,7.596466,1019.6476,1015.5318,2.9875162,-0.005509398,-8.21946,-2.8443458
13.11,13.0155945,11.83,10.091583,1016.8855,1004.61163,13.210686,1.4670606,-13.938616,0.190898
12.82,12.261749,9.26,8.523712,1010.61725,997.353,8.206974,-0.06760443,-13.386307,1.495771
13.04,12.519836,10.76,9.702881,998.72565,994.4586,17.0974,9.012857,-13.974055,0.1200823
12.12,11.569366,7.9,8.786377,996.7581,985.4289,11.290764,6.1575565,-17.280037,-0.3964231
13.26,11.052368,8.82,8.290192,1000.8604,990.4419,11.721771,1.7296752,-13.254353,-0.20048946
12.15,10.771118,6.26,6.193756,1001.2135,989.3918,12.664663,2.3433099,-10.641555,0.44871897
9.88,8.81427,5.62,5.0117493,1014.3407,992.1008,7.3404756,-0.043548632,-10.175496,-0.1451699
10.47,9.833496,4.43,5.058014,1025.4105,1015.35175,4.3092937,0.08625727,4.1134753,-0.05255897
10.47,9.383728,2.4,4.170868,1025.6073,1021.8564,2.3287284,0.122990295,2.8861783,-0.39075422
13.33,11.28244,3.91,4.806427,1021.87805,1018.78326,1.9176856,0.03896238,-7.040009,-0.7638328
12.99,12.008881,9.9,10.28067,1020.41064,1017.8942,1.8284452,-0.029898802,-5.2043166,0.092111155
11.27,10.9166565,7.19,5.9276733,1024.2411,1020.9144,2.900879,0.092514664,-4.2333364,0.06918222
13.35,11.758026,9.58,8.950226,1022.16406,1016.77966,5.178008,0.70169294,-8.358713,-3.7446718
13.5,13.134247,11.08,11.45285,1016.4811,1013.2773,4.4474688,2.0949433,-8.404617,-4.6895213
13.93,11.943329,9.31,10.17041,1017.5376,1014.27716,-5.218881,0.38311487,-7.1577897,0.06100295
13.76,12.87915,10.64,9.488739,1018.3758,1016.267,4.7731295,0.08775727,-7.642771,-0.48615572
15.99,13.4097595,11.98,10.766968,1016.00244,1006.72955,3.7786548,1.4557015,-15.204401,-5.9606013
15.84,13.717773,9.48,9.484222,1022.3526,1005.0804,8.495933,1.1801467,-16.869404,-0.06105622
11.52,10.275421,4.43,5.3197937,1024.411,1023.3045,-2.5523734,0.08976449,2.4026387,-0.24164328
15.56,12.969696,4.74,6.01709,1024.7434,1019.9763,-4.174451,-1.9088001,3.2699363,0.03084868
11.49,10.600311,7.09,6.864746,1019.9373,1010.5181,-4.018576,-0.14564392,-1.6060019,0.013621359
11.32,12.28952,8.39,8.01712,1012.8471,1002.46313,10.510761,-0.19688544,-8.5160055,0.11139525
11.52,10.422272,7.54,7.69223,1021.4295,1013.4562,6.85278,0.6698707,-4.893347,-0.09209101
12.39,11.229187,5.77,6.9665527,1023.7121,1021.29376,-3.4822695,0.06333217,-6.2468743,0.00860358
15.06,14.562805,5.23,4.9250183,1023.98706,1018.7779,-4.1476336,-1.5927182,2.1918228,-0.005816899
18.89,15.479736,8.79,5.9437256,1020.4549,1018.4461,-6.2165227,-0.15712488,-2.862457,-0.36561254
15.72,15.065033,5,7.453308,1021.1089,1016.78046,-2.8508596,-0.0036663823,-3.0723627,0.15876332
13.14,14.933685,4.01,6.9231567,1016.6287,1009.86414,-3.2200341,0.010780462,-2.222564,0.040798154
15.96,13.10498,8.09,7.4081726,1010.7749,1003.8172,-2.9448698,-0.20849344,-9.998853,0.23641686
15.15,13.537964,11.25,10.21405,1014.563,1001.0193,10.89681,-1.0544492,-16.849545,-4.87906
13.23,12.0346985,9.78,8.795319,1015.36975,1006.77075,9.104855,-0.39160895,-14.616729,-0.68423706
10.64,12.028168,6.2,6.5768127,1013.1161,1005.72375,10.739673,1.7634739,-12.0191765,0.12700136
10.54,8.881287,7.59,7.2377625,1013.04175,1009.2846,14.965322,2.7295473,-6.2796845,-0.23392783
9.98,8.476837,5.92,5.140045,1019.2261,1008.97174,9.216625,-0.2545257,-4.1136584,0.19633831
8.89,7.7921143,1.53,3.2392578,1028.3751,1019.20776,-3.7509365,-0.189726,3.6771395,0.0326904
9.71,8.339905,1.86,2.2993164,1028.4546,1023.6227,-3.8492727,-0.35405645,2.9154491,-0.1303623
9.46,8.119629,4.87,3.9446716,1024.1731,1022.80585,-2.5592542,0.11100954,4.3467727,-0.15283866
9.44,8.259155,4.61,3.7612915,1022.86017,1020.9447,-2.335673,-0.026191203,3.2054691,-0.4521956
9.9,8.628235,5.46,3.6235657,1022.4964,1021.09375,-2.4983695,-0.14560409,3.8746045,0.0057435054
8.34,7.6326904,3.25,3.5972595,1022.84,1020.7869,-2.5249736,-0.07225102,-1.9622747,0.044970855
7.84,8.096741,1.1,2.170044,1020.8504,1017.47565,-2.9610386,-0.9881265,2.998342,-0.09295123
9.36,8.402222,0.27,2.3825989,1018.0159,1017.22906,-1.8666507,0.37559667,-2.2308967,-0.25836286
7.74,9.062927,1.07,2.6371155,1017.1832,1015.03516,-2.4317625,-0.0016788961,-3.5952888,-0.426325
10.54,9.989868,5.92,3.685852,1014.8878,1005.53046,-4.930486,-0.89369786,-6.1120787,-0.04257685
11.13,8.975555,5.23,5.532593,1015.3123,1004.8284,-3.0447736,0.01626785,-4.1673384,-0.17164896
9.61,8.939453,1.67,3.806488,1015.6101,1007.6197,4.736848,-0.22313355,-14.672112,-0.43793598
10.96,10.808075,7.92,9.107483,1008.93555,1001.3035,6.909393,-0.21486948,-16.449924,0.21924232
11.73,10.353577,7.74,7.506775,1011.7134,1001.411,3.9920347,0.46748877,-7.3368635,-0.23493806
11.71,10.74469,9.29,8.105011,1014.4955,1006.7629,12.47993,0.73967427,-12.1214695,-0.39968902
9.34,8.147522,3.14,3.4393616,1029.4425,1015.6096,7.8046603,0.5231942,3.4272544,0.064815074
10.05,8.881866,1.32,2.5922241,1029.8235,1019.4153,-1.8708065,-0.18694884,-2.2059226,-0.27296072
9.98,10.0159,1.21,3.1602478,1018.94946,1012.2912,1.9601579,-0.035456385,-2.3155377,0.047060717
12.7,11.950256,4.9,7.1098633,1012.6694,1008.42993,2.6136425,0.0027527474,-12.796132,-0.7841247
12.85,11.630188,10.52,10.196289,1009.7433,1007.4294,3.1396053,0.6627266,-13.278349,-4.590663
11.15,10.560822,6.23,8.351837,1015.84595,1008.6742,2.7945304,0.09756248,-5.7328687,-2.4773943
11.27,10.477905,5.64,5.776123,1018.60425,1016.27795,2.1228018,-0.08304619,-3.7632082,0.18829656
10.47,9.299866,7.84,6.5563965,1019.5886,1014.41833,9.909943,-0.041716225,-7.7952294,-0.08158075
9.34,8.249451,4.4,5.8309937,1024.1604,1019.52374,5.8081417,1.3840842,4.8395267,0.015898684
11.37,10.718597,6.43,5.0868225,1021.7488,1010.9038,9.026671,-0.42174596,-10.920351,0.28824827
8.62,7.923828,2.66,2.8005066,1016.98303,1012.25696,-3.6053178,-0.59560144,3.378751,0.0026028466
9.09,7.7586975,1.7,2.627411,1018.40643,1016.9035,-4.127139,-1.4893285,3.2125745,-0.31104904
9.26,7.3232727,2.16,1.7956238,1020.8674,1018.5461,-6.2850795,-2.0898733,3.3154738,0.25185972
8.37,7.280548,-0.12,0.27783203,1020.7185,1015.76385,-4.7124863,-1.33634,2.3279836,0.016860953
7.97,6.563019,-0.17,-0.24682617,1017.8004,1016.13,-4.119342,-1.9347501,3.0822122,-0.22730829
9.71,6.9924927,0.41,0.30566406,1026.7115,1017.872,-6.976907,-1.6449412,3.2537475,-0.07989729
9.46,7.8595276,1.62,0.5202942,1026.8999,1019.4761,-6.786114,-1.4271208,3.006992,0.05146134
9.26,7.622528,-0.26,0.9650574,1019.1677,1014.59924,3.2589521,-0.055176575,-3.8594012,-0.10043494
9.95,9.248352,3.06,2.7072144,1014.53296,1010.7287,4.04002,-0.02196216,-12.473122,-3.579861
11.49,10.968506,9.48,9.15683,1010.1965,1003.77185,5.962278,1.9615278,-17.591215,-1.0157003
10.76,9.922974,6.46,6.3226013,1015.34686,1002.2508,9.92277,-1.2562928,-8.128545,0.17463009
10.2,9.250916,6.91,6.7211,1016.736,1005.06976,6.5756836,-0.13871023,-6.8009152,0.43432105
8.87,7.5872803,5.54,4.647522,1010.2326,998.8261,5.7381306,-0.051307928,5.962222,-0.020368997
9.16,8.878387,5.26,4.3294373,1010.2276,1000.2642,11.313933,-0.007770242,-12.507878,-0.3696712
10.1,8.516693,5.9,4.987488,1009.7074,1004.0901,11.438449,1.7944646,-11.268734,-0.73177636
10.03,9.341888,6.36,4.0415344,1009.6064,1002.4893,11.072987,3.2682424,-13.478216,-0.8564747
9.93,8.700806,6.89,5.4490967,1005.85846,998.7043,12.971212,1.8457743,-8.742464,-2.3574436
8.89,7.7695007,5.08,4.8706665,1009.9904,992.63245,13.916031,0.32916623,-8.305605,0.33411112
10.34,9.181732,6.43,6.376129,1011.7717,1005.8836,7.1948223,2.2321563,-12.415028,0.3198112
11.15,10.203949,10.12,8.918213,1005.71234,998.7121,2.4109693,0.042419896,-14.99518,-12.3250065
10.98,10.058655,6.86,7.5772705,1000.27765,996.978,4.3387904,0.12190458,-16.885448,-1.251793
9.93,10.149384,5.54,5.736389,1013.576,1000.94025,-3.3265882,-0.04651559,-4.8533583,-0.031787325
9.09,8.656433,4.06,4.016815,1016.1652,1012.2112,6.90826,0.087343335,-10.586083,-0.85209996
8.77,7.4603577,6.38,4.2421875,1010.9215,1005.7903,12.594138,0.55827737,-15.08318,-0.03072034
7.42,6.963257,3.7,3.462738,1009.3734,1007.0491,7.179865,0.05194011,-5.776108,-0.524147
9.71,7.923401,3.77,2.5545654,1019.6206,1008.24335,-5.981471,-1.4544865,-4.383527,0.07255047
10.2,8.888855,2.8,1.6993408,1023.87274,1020.2325,-6.4003234,-1.6129173,2.0811253,-0.078246266
8.82,7.87381,0.99,1.924408,1023.4754,1008.82404,4.776022,-0.1424537,-14.839039,-1.1701646
9.16,9.072723,6.79,6.380249,1015.7491,1005.83545,10.651148,-0.16716665,-13.583616,0.0121055115
9.46,7.8678284,5.77,4.14563,1022.49963,1016.87054,7.3866296,1.4243057,-7.3178735,-0.35395956
11,10.205231,6.71,4.6854553,1020.13,1005.78876,10.414094,-0.9513172,-16.899086,-5.440961
10.86,9.910095,6.43,5.64328,1012.32794,1002.86505,11.547231,5.5627303,-10.128014,0.34744585
8.14,6.8382263,4.82,5.1454163,1015.665,1013.0641,10.755215,0.07644188,-6.340728,0.40990347
5.67,5.383972,2.8,3.3519287,1014.4961,1001.7887,-9.437033,-0.4995787,3.6135569,0.18843588
8.19,7.039917,4.27,3.9830627,1012.6524,1001.5589,-8.740211,-0.009747982,3.488459,-0.37611568
8.77,8.531189,1.64,2.267334,1016.25305,1012.78204,-2.0223727,0.2180626,-1.6801034,0.11544815
11.44,8.774506,6.91,4.736725,1016.9782,1009.2414,-8.553247,-1.7766068,3.2693799,0.025873682
13.74,13.049927,7.52,7.3248596,1019.7913,1009.1548,-8.866078,0.033722375,-4.984048,-0.18404901
11.13,10.794067,6.15,5.799591,1025.013,1020.22797,-4.538005,0.07870335,-2.033706,0.1980008
9.48,8.572571,6.66,4.164917,1027.6676,1024.694,5.040114,-0.2611658,-4.3113933,-0.69438714
9.29,8.38916,6.53,5.2106323,1025.5682,1018.33813,3.27603,0.04938154,-5.021195,-0.24867283
9.29,9.251953,4.17,3.751007,1020.1191,1018.5388,-3.0892305,-0.21685474,4.0737333,0.13190378
7.97,7.710724,1.75,2.8240662,1020.56976,1017.70526,-2.6554666,-0.106231615,1.8229628,0.042059477
8.67,8.219025,4.51,3.0178833,1020.1275,1017.72577,-1.9470937,-0.071419284,-1.9821945,-0.11132029
9.73,9.2752075,3.85,2.8423462,1021.42346,1020.24524,2.5720189,-0.1999911,-3.9323294,-0.92795163
10.05,8.852417,5.08,4.405182,1020.43774,1013.4526,8.20719,0.04238494,-11.433242,0.15598248
8.44,7.668091,4.38,4.9350586,1021.71826,1018.6685,5.5033655,-0.020963999,-4.422392,-0.040637437
10,8.196167,0.99,2.367035,1020.96716,1018.5256,-4.0965686,-1.080181,3.2250533,-0.34335202
