CUCAO1,CUCAO2,CUCAO3,CUCAO4,CUCAO5,CUCAO6,CUCAO7,CUCAO8,CUCAO9,CUCAO10
13.43,11.1822815,3.35,4.179535,1023.3413,1020.8844,2.5728521,-3.4726315,3.4000683,-2.4296672
10.32,9.066437,7.72,5.3296814,1021.63446,1018.5425,5.5841737,-0.46356466,1.6905154,-7.6786876
10.1,9.220978,6.86,6.867676,1018.6892,1015.1247,10.122811,-1.2582669,3.9138045,-6.0629573
11.98,10.20752,5.21,5.480957,1017.88007,1014.7464,5.844034,-3.0622919,1.6411074,-2.9030166
11.22,10.7146,2.66,4.0728455,1023.45044,1014.9177,2.4258857,-3.026744,1.7957512,-2.3083243
11.71,11.31488,3.09,3.998993,1025.7161,1017.1373,2.8958921,-1.7237245,1.2268735,-2.4321468
12.82,11.168457,4.66,5.455536,1017.0123,1006.4919,3.5516372,-1.74025,0.3723364,-11.161788
11.15,10.436737,7.09,7.5578003,1010.97687,999.1573,7.7974925,-1.0248713,-1.0402316,-16.03248
11.71,10.608307,4.79,6.4824524,1017.01404,1008.3044,5.5100274,-0.37180436,-2.6097114,-14.722415
11.2,10.538605,8.32,7.7920837,1015.8119,1002.0567,12.739647,-2.7391658,1.8380473,-18.091797
10.15,9.447327,7.27,6.5917664,1017.4475,1011.2759,9.735956,4.4182177,1.2889552,-10.896791
10.03,9.502319,7.79,6.7142944,1016.17725,1008.8844,11.970851,6.716411,3.1097095,-10.504369
10.79,9.298462,8.17,6.5559387,1029.2576,1015.48755,10.789024,1.2493218,3.475289,-3.3758423
10.76,9.616058,6.51,4.709076,1029.7566,1018.03705,4.2693,-1.9245751,-3.2786329,-7.3297973
10.2,9.300781,8,6.035431,1021.0522,1016.4691,4.9552336,-0.63914514,5.2974234,-5.430989
10.71,9.9375,2.34,3.12146,1021.0263,1010.11884,7.1606164,-2.044667,-0.00983749,-15.174465
10.47,10.057617,8.82,7.579132,1019.8285,1011.10913,11.531378,5.750872,1.7693942,-8.158599
9.83,8.853699,7.29,6.000305,1028.5991,1019.2019,9.783113,0.7314925,5.9375834,-1.2406173
9.93,9.182648,2.42,2.743042,1031.308,1026.3104,4.013945,-3.5081875,6.8609138,-0.29904607
11.64,10.742889,2.72,3.3534546,1026.3247,1017.7614,2.5058455,-3.5253901,4.2039323,-0.3533763
10.44,9.847656,6.41,6.144287,1017.57025,1016.16327,5.632955,0.036437918,-0.0016826091,-5.8985105
10.91,9.652863,7.97,7.687805,1021.9821,1016.87555,5.8295875,0.35286537,2.6176264,-5.3545756
10.86,9.909637,5.13,4.032074,1023.1368,1019.85596,3.2745912,-3.0078442,5.440284,-1.8528068
10.49,9.691101,2.45,4.4257507,1020.0316,1018.46594,3.1641197,-3.4055874,3.7869,-0.51902175
10.88,10.8671875,3.64,5.235779,1019.61646,1017.10657,3.3866463,-3.3664024,5.108693,-0.91941863
11.08,9.995026,7.74,4.829834,1024.5504,1018.67596,3.640335,-1.5626502,3.1213994,-1.8898847
11.37,10.500153,7.32,6.069977,1024.9738,1018.6128,4.517787,-0.99851155,1.4791442,-5.0995545
10.96,9.659393,9.06,6.4999695,1018.32935,1005.99097,4.248855,0.77457166,-3.130092,-8.396376
10.17,9.537323,1.78,4.0832825,1009.10205,1003.2966,5.8061924,-2.0804737,6.0487356,-8.932039
9.48,7.9841003,4.12,2.9576416,1017.9587,1009.92554,7.188151,-1.7792236,8.560794,-1.3271605
8.79,7.619171,6.53,4.5777893,1021.46893,1016.40564,7.715719,-0.83972317,6.5887747,-0.5731265
11.32,9.420258,2.45,1.3037415,1026.7574,1020.7137,-1.0398628,-8.592053,3.3154275,-1.2509856
13.79,11.835876,2.21,2.2956848,1027.2025,1023.535,1.8213509,-6.083651,5.293428,-1.5656735
9.88,8.652313,2.53,2.910675,1023.69904,1022.38806,4.5872784,-2.8868077,1.531479,-2.938218
11.64,9.202759,6.76,3.4484863,1022.7568,1013.9093,3.1512606,-1.465195,-3.676698,-8.320962
10.32,9.615753,7.62,6.1430664,1017.7338,1013.8114,9.258013,1.5000343,0.932352,-8.352905
10.54,9.711029,7.92,7.4860535,1019.24225,1017.07587,7.731897,3.354717,-0.2138228,-7.357165
12.27,9.953278,9.11,8.85318,1020.9604,1014.9836,7.8062854,3.467044,0.05690016,-7.779329
10.96,10.067352,8.59,7.368408,1021.5418,1017.03345,6.491563,-0.17750463,0.073083825,-8.572306
10.81,10.092346,7.19,8.06485,1025.2867,1013.15924,7.9625964,1.2998604,6.4963236,-4.501622
11.15,10.441345,4.79,4.1340027,1025.8154,1021.39624,4.153488,-0.7615276,0.41319022,-2.7323194
12.22,11.962158,6.38,5.694214,1021.4149,1018.0424,4.5570025,-1.4076713,-1.6793298,-5.4393945
12.8,11.133789,9.68,8.518494,1019.57495,1014.09393,5.855423,-0.38140464,3.404797,-8.085161
11.95,10.232452,3.96,4.20755,1022.1922,1020.11743,3.1012,-3.9121473,3.8207397,-1.9173249
12.12,13.974731,3.46,4.3587036,1020.4031,1015.3646,2.2124965,-2.2175748,3.889872,0.16224618
10.17,11.790619,7.09,5.9709167,1015.4264,1013.3855,3.014948,-2.3009796,1.910472,-1.0768399
13.88,12.78421,8.67,7.0725403,1013.4473,1005.89844,7.505249,-0.19906971,-1.1627492,-12.438942
11.73,10.234802,8.42,8.535675,1012.33185,1007.37573,10.570922,4.903474,-0.14687237,-11.536861
11.2,9.804291,8.67,6.5559387,1023.38837,1012.41766,8.398219,1.0191495,2.5430439,-2.359408
11,10.417755,3.62,3.4852905,1025.5679,1021.03015,4.4756126,-3.5290482,6.793725,-1.2006371
11.1,9.902008,3.43,2.859253,1021.5053,1019.0938,4.0171494,-2.8637564,3.9211147,-0.98261404
12,10.541199,3.22,3.2138062,1021.5147,1013.9573,3.6061099,-2.0888517,0.5871068,-2.3797624
15.08,14.000671,6.38,5.4181824,1015.3487,1010.5997,3.2329943,-1.2960249,-1.2129561,-10.477812
12.97,12.692413,8.79,8.367767,1014.35596,1011.38354,7.5962987,0.11038517,-0.5590151,-9.416442
12.36,10.945496,8.29,7.697052,1019.5365,1014.87524,7.388585,3.2485855,-2.068228,-7.6592326
11.13,11.13678,8.69,8.590912,1018.5937,1008.2419,7.9856076,2.5923855,0.28863436,-12.962654
11.9,10.590729,8.72,7.3239746,1009.06305,1006.0682,11.690786,5.1240897,-0.67654556,-9.631662
11.52,10.555054,8,7.1889343,1027.2241,1006.56665,9.790179,1.7683623,7.623198,-0.32549894
12.61,11.7144165,4.74,3.9959106,1028.0288,1025.137,3.867351,-3.181808,6.1852903,-1.3574597
13.09,13.604919,8.62,4.630371,1025.4216,1020.9457,3.3366828,-2.366943,5.628885,-0.54447377
13.45,15.4729,6.59,5.4014893,1021.10486,1015.90894,2.3097944,-1.6881781,4.684496,1.2886399
12.17,13.389618,7.9,6.0165405,1016.93616,1015.6358,2.7076242,-0.7519422,2.5096462,-0.54086345
12.03,12.687012,9.78,6.866913,1018.3551,1015.23975,3.713496,-1.5554777,1.7015563,-1.1302143
14.24,14.792938,7.52,6.2705994,1017.14624,1010.7698,6.571406,-1.2637109,0.015570229,-7.9462333
12.94,12.138672,10.64,9.522797,1014.15814,1008.22876,8.4017725,0.32133612,-4.881518,-11.933777
12.41,11.822571,9.56,9.609924,1023.0831,1014.5199,10.277003,2.6390443,0.37629142,-6.546496
12.85,12.237854,9.26,4.7085266,1023.3175,1021.616,3.8904176,-1.8292304,5.937882,-3.0436075
13.31,13.040222,5.9,5.984497,1022.6429,1021.37,3.5284476,-3.1639857,5.106969,-1.1745985
13.21,14.061859,8.12,5.9138794,1022.3145,1020.927,3.8719335,-2.266841,5.8712745,-1.0943613
12.56,13.931915,10.2,8.852936,1023.2841,1021.69507,3.843767,-1.3889012,4.8748436,-1.3194164
13.52,14.685425,10.2,7.577301,1022.49756,1016.6272,3.0399013,-2.7907722,5.099024,-1.3321971
13.69,14.100586,10.22,9.900421,1016.7961,1014.66156,3.7069368,-0.9356694,1.0192051,-2.308706
13.88,13.272888,10.64,9.495178,1017.4021,1015.97076,4.550905,-0.9149176,0.052673854,-5.0909233
14.46,13.187836,10.15,8.489655,1015.9408,1011.50275,6.80356,-1.5667776,0.32396963,-8.483902
12.77,11.890411,9.68,9.478302,1021.9907,1015.58813,7.4510355,2.2401125,3.5619032,-2.5936291
13.23,12.303101,6.05,5.253998,1022.9807,1021.8844,4.2238097,-2.265091,2.3026998,-1.7084078
14.6,13.176331,10.54,8.484009,1023.152,1021.83765,4.4479904,-2.1776996,6.09862,-2.5653808
14.03,13.920837,10.49,9.2560425,1022.62244,1018.1384,3.5096989,-1.1441327,5.6980515,-0.73320675
14.22,14.001831,8.19,8.201202,1018.33234,1015.7569,3.1770847,-2.4812696,2.1537592,0.019859817
13.5,15.436554,8.67,9.089203,1015.6177,1012.6721,3.0151782,-1.2557956,2.0974731,0.14609757
16.2,15.333252,11.32,10.796967,1014.3,1012.63654,5.047782,-1.0012088,0.28984967,-8.704857
13.81,14.0914,10.44,11.341248,1013.2992,1011.29626,7.1813464,0.86596453,-2.968543,-10.684792
14.77,13.432343,8.22,7.5979004,1014.09607,1011.78925,6.1242285,-0.6003264,-2.4315436,-8.708371
14.24,13.972137,12.12,9.6502075,1013.05444,1008.6804,8.490997,1.2302026,-2.8379014,-11.554729
13.47,13.389435,9.16,10.086487,1014.4835,1013.04095,8.1897745,1.6025792,-1.8491452,-7.735314
12.73,11.800659,10.17,8.856018,1020.2418,1008.62616,10.624599,2.5697546,4.4472313,-11.302454
14.07,12.888336,8.05,8.405792,1021.5234,1012.7452,6.413693,1.6227223,0.4787883,-10.417625
12.87,12.200348,11.08,10.798462,1012.7598,1008.3882,6.9938545,3.617296,-6.3258615,-9.2071295
12.49,12.010712,9.09,9.336884,1020.3592,1009.8005,6.525629,-1.7587943,3.2292876,-2.76257
12.9,12.078522,9.56,5.9820557,1026.8969,1020.84406,6.415563,-0.82955414,2.9695601,-1.9161385
12.92,12.180359,9.14,5.822357,1026.631,1019.1878,3.920699,-1.2324125,2.1044538,-2.1362176
12.27,12.068909,9.63,7.4177856,1019.0263,1014.9589,8.310144,0.01838996,0.94779295,-5.9242516
12.75,11.393677,8.39,5.8767395,1021.8477,1016.34406,4.6106753,-2.660344,2.5382938,-0.7087255
13.38,12.039734,7.67,6.353668,1025.0142,1021.16815,4.4248962,-2.0586376,6.084879,-2.3045104
13.81,14.038513,6.28,5.3962708,1025.3334,1021.8415,3.964163,-2.7084875,7.41026,0.08573412
14.12,14.595184,7.82,5.6756897,1022.12604,1018.6422,2.9995067,-1.9165163,4.511182,-0.11112373
12.8,14.324127,10.47,9.575989,1018.51984,1012.69147,2.9730432,-2.43777,3.5862741,-1.7336069
15.65,14.946014,10.66,9.46991,1012.64984,1009.289,6.4114227,-1.5325031,2.0504324,-7.751325
15.1,14.127502,11.86,11.887268,1020.62854,1009.1072,7.1954823,2.0855646,-2.54551,-11.538921
14.82,14.809113,9.83,9.003876,1020.97125,1015.728,4.537267,-0.7193112,-1.8955618,-4.9172406
14.53,14.2438965,11.22,10.300293,1015.3466,1007.55493,10.711181,-1.7068635,-0.20768075,-7.6438546
12.87,12.657013,11.03,10.592773,1011.1241,1007.01984,8.942089,6.225211,-0.20138371,-9.517076
12.99,12.706085,9.9,9.42865,1016.5432,1008.1228,7.53739,1.716795,3.6776416,-0.63342977
13.33,13.193909,10.52,8.277222,1020.52673,1013.9406,8.319813,2.0993543,2.407159,-10.328453
12.75,12.61496,11.1,10.198517,1017.82275,1008.2445,13.625074,3.8850725,7.4694266,-11.609866
13.11,11.962311,8.47,6.953644,1021.7675,1018.3949,3.8063993,-2.8039286,3.8781254,-1.2859937
13.35,12.656433,8.47,6.068054,1021.34186,1018.9891,3.2883713,-2.5087824,2.8140068,-1.1114061
14.15,14.072815,8.17,7.0355835,1019.4856,1016.6293,3.729026,-2.8754272,4.6941442,-1.383359
14.34,12.2743225,9.21,8.240448,1017.1729,1014.9975,6.7625856,-1.7306759,4.0532813,-1.5766327
14,12.985107,10.25,9.775238,1018.9558,1014.64624,4.142221,1.3161359,5.1803985,0.25430304
14.74,13.779114,10.71,7.7928467,1020.1768,1017.962,4.306594,-0.9716237,2.364633,-2.0886254
15.51,14.595001,9.9,7.8968506,1020.24084,1018.45337,3.7351713,-2.1165361,0.63947785,-2.3652549
16.25,15.149017,11.81,8.520813,1018.4719,1016.03925,7.3702497,-0.5807611,-0.5309621,-6.311947
16.99,15.760834,13.04,10.684906,1017.21545,1012.464,6.3122654,0.041119985,-2.8725762,-9.289315
15.03,14.146545,12.03,12.976929,1015.2866,1011.11755,5.8568516,-0.23952748,2.0848696,-9.180498
16.22,17.441223,13.38,12.755737,1015.5771,1014.0614,3.9907002,-0.43348968,-0.9662139,-8.009558
17.44,18.062347,14.55,14.425415,1015.1462,1014.09485,5.803922,1.0734595,-1.6990073,-6.007848
18.98,17.47052,13.71,13.160278,1014.0115,1012.10443,5.930996,-0.51954687,1.153691,-5.043754
19.6,19.365509,14.03,13.174194,1014.10974,1012.07416,3.6486008,-0.6147061,-1.3349082,-8.770563
17.46,15.884277,12.44,11.188782,1017.1163,1008.31915,7.148611,0.01868031,7.727626,-8.427617
14.43,13.618408,11.2,9.973053,1020.8265,1017.9214,7.0643735,3.4855866,5.73431,-2.8585281
16.39,14.941986,13.09,11.15329,1020.7715,1017.242,5.024519,1.2539513,1.0903726,-3.9356143
16.68,15.0112915,9.09,7.4956665,1018.9602,1016.8917,4.2831445,-2.8505592,2.3489473,-1.1543341
18.39,17.15332,9.53,9.368713,1019.22015,1015.41034,4.1908674,-1.7252825,-1.0355856,-3.908194
15.82,14.713226,10.66,9.134399,1022.40643,1015.77576,4.2608395,-2.9827857,5.812457,-3.9289412
15.39,14.407227,9.66,7.9431458,1023.2498,1021.407,5.3757544,-3.6755712,9.19266,0.69110423
14.94,14.910797,9.11,6.893982,1021.86694,1019.3911,4.621274,-2.4900386,7.147165,0.32115403
17.87,17.557037,9.76,8.889709,1019.85803,1015.04333,6.391391,-1.7820798,3.5270534,-7.5457664
15.29,14.340851,8.77,7.8331604,1021.75525,1015.4252,6.4584064,-1.7219592,6.0024767,-3.4464588
15.2,13.936951,10.54,7.0781555,1021.878,1015.3885,4.0550404,-1.7400995,1.7917118,-3.52395
14.82,14.980011,10.91,10.088562,1015.1371,1003.29224,12.22664,-0.0912066,-3.1243064,-12.294758
13.28,13.047119,9.71,9.358002,1009.0111,1002.2748,12.686054,4.2341022,3.1288574,-7.203866
14.07,12.971802,7.07,8.421234,1022.9344,1008.79596,7.8685474,1.699605,4.616797,-2.2081068
14.62,13.328644,7.82,8.483002,1023.13947,1020.74243,5.339825,-1.0835371,4.2272754,-0.84287906
15.13,14.308624,7.17,6.95459,1020.90533,1017.4347,3.7376916,-2.5199196,4.339051,-0.73368156
14.86,16.404083,9.48,7.609009,1017.4794,1011.90424,5.5479884,-2.1172545,1.2434754,-5.2493215
15.46,14.586517,10.98,11.451538,1016.98865,1008.6119,7.8001895,-0.11852549,2.062246,-8.731279
16.44,15.363434,12.56,8.999603,1021.3948,1017.0876,3.5705323,-1.6998782,2.169874,-2.3334103
16.34,15.299316,12.97,10.4198,1021.67584,1019.26544,4.1942596,-0.7695195,2.4751022,-2.1870081
18.01,17.165375,13.16,11.164154,1019.4934,1016.9405,2.7892194,-1.1326919,0.81995577,-3.997191
18.3,17.413513,14.41,12.490784,1017.8184,1015.7611,3.7357457,-0.21721537,1.0365772,-2.768689
20.01,18.152313,13.69,12.628418,1018.0082,1015.6153,2.7655265,-0.9501952,2.6860602,-1.1081358
19.08,18.242798,15.13,13.39566,1016.42773,1015.2706,3.7526171,-1.6674027,0.92993385,-2.6657515
20.56,19.304749,15.65,13.224304,1016.14484,1013.83453,5.8122764,-0.23137823,0.070812866,-6.310567
18.41,17.084839,12.75,12.278778,1017.64526,1013.9389,4.093453,-0.56224847,6.8993707,-6.272325
16.63,14.65918,8.77,7.408661,1017.3513,1014.15216,3.9433842,-3.6385088,2.7919374,-3.6464677
15.87,14.932617,12.82,10.943329,1015.285,1011.43475,9.266093,-0.521044,4.5025682,-5.6711793
15.37,14.468323,10.83,9.753815,1016.74414,1014.6986,6.8035707,1.5695813,1.6950496,-2.3839037
15.96,15.269867,11.9,11.647919,1016.6521,1012.0405,9.656721,0.49112108,2.385818,-4.077287
16.65,14.689575,11.3,10.144592,1013.5324,1008.7137,3.7172954,-0.30831853,2.4319532,-3.1891522
15.7,15.06366,8.99,8.408691,1011.8909,1007.37244,4.713529,-3.7963104,7.2978644,-0.95853734
15.25,15.209503,7.92,7.659088,1016.2718,1010.80835,3.6156652,-2.1730487,5.0124307,-1.0815955
16.77,16.200043,9.36,8.494659,1017.08234,1015.78674,3.2382498,-2.0755465,6.0980983,-1.5080944
14.82,16.154175,12.07,9.936768,1018.13446,1016.35834,4.7600813,-1.7155356,7.8694043,-1.3311276
15.27,16.313599,11.03,9.979858,1019.9436,1018.00104,3.8329384,-2.0445979,5.901487,-1.185942
16.34,17.649689,11.88,11.256653,1019.93494,1018.03815,2.419222,-2.319562,3.824691,-1.3921846
18.39,19.756744,11.66,11.848206,1019.61346,1015.83624,1.748835,-1.3680621,4.891004,0.764133
17.53,20.115662,11.37,12.451111,1015.86774,1013.4665,2.931168,-4.161121,6.053554,1.0943897
17.01,17.722626,10.54,10.385895,1014.71606,1013.0941,3.4131196,-1.2266524,6.121939,-0.44750115
20.86,25.043457,9.71,9.39743,1014.2594,1012.2886,1.2005075,-4.5248146,2.7197835,-0.9087964
17.53,20.443634,11.69,12.597809,1015.99243,1011.9105,3.0563843,-3.3531032,1.6577728,-2.35302
20.84,19.606476,11.2,9.77121,1016.54193,1014.7629,2.143535,-0.09186812,3.618366,0.5160189
17.77,20.363556,12.53,11.942413,1014.7919,1008.5385,2.911796,-2.8208566,3.701088,-0.5625885
15.82,15.702179,13.69,13.069763,1017.3015,1008.7429,4.1034822,-0.96773434,6.6885676,-3.6517622
16.34,15.653198,8.77,8.641632,1017.702,1015.37616,3.9743826,-2.8417244,5.859888,-0.56565934
16.92,15.314453,9.53,8.128876,1016.0547,1014.77423,2.9087744,-1.8939638,3.2301085,-2.6018798
15.2,14.848694,11.3,9.197388,1018.6897,1015.0993,2.5096064,-2.927042,7.1244664,-2.9116974
15.15,15.373322,7.87,7.4071045,1019.0544,1016.2372,3.6524692,-2.5596871,4.909264,-0.6542499
15.68,14.819611,10.76,8.2291565,1016.3834,1015.27625,3.4544957,-2.0413141,2.4931357,-4.0232553
17.27,16.612854,12.24,10.111786,1015.97565,1010.8195,4.1771655,-1.5202782,-2.794998,-11.725663
16.06,14.694519,11.93,11.151123,1019.94916,1005.3551,6.8046737,1.3875743,9.760364,-13.521866
14.41,13.42984,8.32,7.754486,1024.64,1020.66876,3.897863,-2.009537,6.4492626,-1.6611273
16.42,13.974121,8.12,7.660858,1024.1176,1018.3643,3.3049257,-2.8167489,2.4329915,-3.8550377
14.46,14.049713,12.1,9.525177,1017.8631,1012.1145,6.639827,-0.7894216,2.7738006,-8.456317
14.41,13.892944,9.68,7.7846375,1023.79663,1015.50867,4.0507565,-2.031851,4.9162536,-2.5596385
15.89,15.400482,10.83,8.547821,1024.139,1020.64557,2.3760595,-2.4622483,4.896984,-1.6690115
16.27,15.5625305,11.2,10.884857,1020.7275,1016.69745,3.4745455,-1.7211903,6.1974497,0.6383989
15.49,15.532257,10.17,9.824799,1016.663,1011.9913,2.5718305,-1.2876219,3.2762272,-0.017388003
15.29,13.99881,12.44,11.1683655,1015.87537,1011.26666,3.0597558,-0.424985,3.5249531,-1.5798
16.03,15.331879,11.64,9.573975,1016.5927,1015.5564,2.5346558,-1.7014239,2.9536002,-2.5324612
17.18,17.872528,11.05,10.425873,1016.66125,1015.2532,3.6930346,-1.320498,-0.33346224,-4.553504
17.58,16.724121,14.03,14.002136,1015.7266,1013.603,3.5540764,0.079289556,5.636436,-4.506131
16.3,16.77597,10.59,8.938385,1015.78937,1014.48236,2.3710673,-1.8716956,4.778349,0.5523191
17.34,16.527435,11.18,10.849335,1018.8577,1014.1281,2.7832758,-0.7159398,2.0011919,0.11171252
17.51,17.427185,8.89,8.695068,1019.8107,1014.6951,2.489505,-2.2388616,3.6799386,-0.22968988
16.56,15.911285,8.42,9.592926,1014.5036,1009.37036,3.062712,-0.8840763,2.0598671,-1.6644224
17.75,17.01593,12.53,10.892578,1011.46893,1008.2367,4.3481164,-0.39307004,-1.2043859,-9.232023
17.15,16.65094,13.88,11.954132,1018.1576,1011.35345,6.309706,-0.26327983,-2.0854654,-7.4161825
17.27,15.201538,9.9,8.279358,1020.49274,1013.0904,2.51528,-2.3120396,2.217651,-2.6229386
20.53,17.65091,8.77,9.802307,1012.7195,1001.6223,3.8498979,-1.2678195,0.1565521,-15.831556
17.37,16.199951,10.54,12.041412,1012.8268,1002.4076,9.946843,2.3607368,2.989737,-12.091538
14.77,16.03955,11.25,11.4140625,1019.0558,1013.2902,6.672315,1.5581956,0.08592072,-7.121732
15.84,15.438019,12.82,11.771973,1019.1805,1017.54016,3.2832582,-1.605646,5.5072856,-2.2945783
15.8,16.464264,10.52,9.361206,1018.9226,1016.82635,2.7908373,-2.505045,5.198732,-0.16549847
14.05,14.0289,7.24,6.965851,1016.9888,1012.52185,2.5126526,-1.337412,2.7662473,0.26856795
14.86,14.38681,10.57,9.477051,1016.455,1012.6993,3.408405,-3.2199018,4.435496,-2.7036328
14.77,13.955292,9.76,8.028931,1021.81104,1016.3082,2.9340613,-2.5194285,6.068233,-1.592835
22.25,18.884491,6.64,7.2571106,1022.2937,1017.89404,-1.0686707,-8.506725,4.7245154,-0.43709573
17.27,16.155975,8.77,9.825104,1017.85736,1013.0121,2.7241387,-4.6234937,3.200696,-2.3330998
13.69,14.213715,10.05,7.677307,1013.5906,1010.7678,3.988532,-2.3724096,0.28826243,-5.7461905
15.89,16.004486,10.27,8.812195,1020.7073,1010.8039,3.857595,-0.99714875,0.24752647,-6.506548
15.82,17.588165,8.59,9.822052,1021.0366,1017.1128,2.1809433,-4.4386463,3.881905,-1.0187571
17.39,15.313263,9.78,9.346039,1018.92737,1016.6934,3.1477656,-2.8643038,1.9008418,-2.613283
15.46,14.146576,12.27,10.074066,1018.2793,1010.2468,6.940332,-0.5448607,5.315133,-6.9342484
13.79,13.515961,6.94,7.432251,1021.82874,1018.8635,2.3931255,-4.173029,6.5647264,-1.0890154
14.79,13.676727,6.15,5.8877563,1023.534,1020.4444,3.404572,-2.9844875,6.636819,-0.58269644
15.22,14.923798,7.34,7.4878845,1024.241,1022.70056,2.9065907,-3.2821307,1.8069096,-1.1300449
16.46,15.352661,7.97,8.991272,1023.0797,1019.105,2.616065,-2.0635817,1.0502903,-1.584882
15.94,15.601013,10.66,10.611938,1019.71014,1016.5228,2.8838563,-2.5880237,5.870971,-1.1045388
15.91,15.778961,9.83,9.118103,1016.8893,1014.8218,2.9790606,-2.2699437,4.5470133,-0.38685572
15.68,15.215393,13.02,9.39328,1016.95734,1015.23413,2.940632,-2.3757048,2.4620593,-1.0540437
13.98,15.008423,12.17,12.050293,1017.1675,1012.85876,1.9295567,-1.6318666,3.920494,-0.9325858
13.79,15.328766,10.96,10.451843,1013.6475,1010.8971,2.8868442,-2.1994436,3.8436158,-1.4342588
14.98,13.67334,9.61,9.953888,1017.1057,1013.91626,3.1581008,-1.4014355,1.6742322,-1.961354
14.86,13.758057,8.87,8.122131,1017.64453,1012.1417,2.8505168,-2.3219051,-0.0498983,-2.050547
18.3,16.210815,8.47,8.605347,1012.03766,1006.10297,4.876147,-1.271561,0.54197896,-4.8216715
18.53,16.534271,10.15,10.854706,1007.4082,1005.7834,0.9524899,-1.920489,1.588478,-9.775627
17.25,15.683136,13.55,13.186035,1009.4451,1007.76373,5.5069966,-0.9700327,-6.289769,-13.396177
15.63,14.473755,12.73,11.003662,1011.4074,1007.214,5.5731416,0.012416945,-3.629884,-12.936281
16.22,15.406586,11.22,9.429932,1012.04016,1007.64703,4.4050474,-4.5702615,2.441352,-5.222017
13.81,12.865204,10.42,8.29071,1020.2838,1011.78265,3.5737603,-1.4597992,5.5069137,-1.1409731
14.48,13.625763,6.69,6.723053,1020.82446,1018.13196,2.9247437,-1.7996893,1.5368786,-8.914513
16.3,15.043152,13.09,12.335968,1018.11487,1013.3137,3.9208124,0.80030215,-6.238161,-11.70621
16.37,15.297821,15.2,13.990845,1017.46234,1012.2327,4.463969,2.3800771,-5.507507,-9.841549
18.01,17.162994,14.84,12.253906,1017.73914,1011.4316,4.570047,0.541557,0.09647533,-5.4385366
15.84,14.24765,11.2,10.463745,1015.12274,1008.3683,4.7670784,-0.7225338,1.4982699,-8.790294
14.6,13.383942,7.49,8.554535,1016.71185,1015.157,2.7226133,-1.3650287,-2.09071,-4.347781
16.25,15.076599,10.39,8.999359,1016.7036,1015.5103,3.396095,-1.2539825,-2.989939,-5.156523
15.91,14.194305,10.66,9.995605,1016.8245,1011.1431,2.6830635,-1.7014209,0.77111924,-5.3372006
17.51,15.4592285,12.85,12.284882,1010.7953,1004.9625,1.899239,-1.6863062,-3.4680548,-13.573641
16.56,15.211182,10.76,9.615387,1010.34845,999.3568,10.131019,-0.54235995,4.9806647,-13.688883
11.35,10.583557,8.52,8.488464,1015.28296,1010.6716,2.8508759,-2.0468674,3.9225764,-3.3593032
13.38,11.749481,8.74,8.524078,1017.4196,1013.38116,3.6565926,-1.3632114,2.529419,-2.3302183
13.98,13.46347,6.53,7.066803,1016.9465,1009.2333,1.9979228,-1.6449281,-2.1397662,-11.152487
13.86,13.014252,9.06,9.3367,1019.282,1011.64703,5.3245683,-0.33999938,-0.2664334,-4.469478
14.79,14.681702,9.9,8.955017,1021.21796,1019.65814,1.7611214,-1.6206144,-3.0133755,-5.687191
14.19,13.060577,10.03,9.545074,1020.73346,1017.30585,2.590025,-1.0454661,-0.3816812,-3.4599805
16.01,14.630951,8.22,8.924774,1017.5784,1013.77905,2.1718085,-1.332701,-1.5586798,-8.008976
16.7,15.39209,13.91,12.533051,1013.5821,1008.3693,5.646423,0.3144849,-3.6111214,-14.358807
16.53,14.91687,10.66,11.198761,1015.8618,1012.5044,2.0216637,-3.9169247,2.062041,-8.87749
18.39,15.721771,14.1,13.952942,1013.66437,1008.9434,2.702809,-0.44476292,-4.7520776,-9.319632
16.03,14.472351,13.79,13.443848,1008.442,1004.1395,3.4358943,-1.0556813,-1.6857013,-13.843413
15.56,13.92215,11.32,11.720215,1008.4186,1003.7565,6.337261,1.4348522,-5.699043,-12.282189
13.67,11.87262,11.18,10.017487,1012.27484,1008.0437,8.087757,2.0541482,3.7341266,-6.6832848
12.77,11.119049,7.02,7.8072205,1024.7931,1011.7701,6.688857,-2.1351852,6.3850336,-2.9685066
12.92,11.557251,4.84,5.505005,1027.2253,1025.4913,-2.1441135,-4.540819,3.3299804,-0.7493427
12.34,11.481384,3.93,4.97171,1025.5029,1023.70264,1.3722863,-3.6083186,2.7236416,-0.10007733
13.16,13.706024,3.43,5.0786133,1023.9932,1015.64197,1.8066274,-3.5448515,1.6817433,-0.5447148
12.41,11.9991455,3.96,6.0110474,1015.2826,1011.6024,3.0705805,-2.0609198,1.726805,-2.685644
14.15,12.483032,8.97,7.2913513,1019.3375,1013.6884,3.117705,-1.6073189,4.742075,-4.0656796
12.75,10.900269,8.49,7.7009277,1029.0618,1019.93286,6.4326034,-1.5331509,5.2680025,-3.5527437
12.39,11.175873,4.51,6.1480103,1029.4302,1021.7443,1.5891705,-4.1047792,3.7867727,-0.61769783
14.22,12.809296,3.12,5.239044,1021.29065,1013.88513,2.586751,-1.8844992,2.9319105,-8.074663
14.7,13.92215,10.3,10.301758,1015.7683,1012.6992,5.0804706,-1.8958195,0.65045744,-9.718928
13.79,12.626221,6.74,8.134827,1016.1894,1015.29065,1.548444,-2.3302376,0.56060714,-1.7991407
15.03,13.009888,8.94,8.247833,1015.87726,1011.7088,6.324665,-2.5454514,1.5124778,-10.812225
14.15,12.840546,7.14,8.807526,1019.79803,1015.9676,2.1352067,-1.6256691,0.5298865,-4.776329
13.26,13.502869,7.92,7.7980347,1021.3335,1016.5288,1.20414,-2.0489187,1.531121,-2.9153557
15.8,15.012329,8.32,7.625244,1017.04803,1011.58484,1.2399932,-3.8590612,1.223946,-5.656753
15.77,14.650757,8.77,10.879486,1011.2714,1003.6609,0.9917866,-1.6859641,1.3311504,-5.8942256
16.65,14.465088,11.73,10.769928,1006.11505,1001.25195,2.7009478,-5.6103625,1.5073473,-12.071166
13.88,12.0078125,10.57,8.855621,1007.6877,1002.0377,-0.7446678,-8.746393,0.56210446,-13.539291
13.26,12.657074,10.71,10.034302,1018.9255,1004.8931,6.09618,-2.0390344,-1.8259028,-14.396109
13.28,12.075653,10.22,9.397705,1022.94446,1019.46545,5.2454324,-0.2665532,0.49295557,-5.6141143
13.69,13.050568,11.2,10.511383,1021.1947,1013.64575,9.515573,1.0343188,-0.66025764,-11.247661
12.8,12.39682,10.83,8.943665,1016.03,1010.8921,11.460923,2.547817,3.1875377,-6.3246346
13.14,12.408264,7.22,7.3815613,1018.88727,1010.4272,7.279273,-2.3012862,3.825572,-12.627752
14.17,13.343811,11.25,11.399841,1013.4178,1006.87256,7.289382,0.6076616,-1.0393412,-12.379003
14.67,13.51947,10.64,10.843262,1006.84204,993.3784,15.873988,4.429037,-2.5043652,-13.71252
12.19,11.366455,10.05,7.719757,1018.3289,995.1185,13.426788,0.6797559,7.259148,-5.482514
10.76,9.324707,6.99,6.188202,1020.68823,1018.0182,5.1341515,-0.029023502,2.8549943,-2.9537518
12.94,12.075928,8.99,7.645752,1019.1297,1013.3912,8.629644,-0.87220275,-3.059752,-8.477991
13.33,12.565735,12.07,11.861084,1014.0684,1007.5259,8.005991,1.8546441,-3.176681,-9.671157
12.58,12.314697,8.07,8.621674,1017.8181,1007.761,5.9398656,0.51401603,3.4276597,-4.3826976
13.83,11.7335205,6.79,6.3207703,1018.5828,1007.3161,1.953675,-2.2263744,1.3903385,-12.597959
12.7,12.4878235,10.27,9.3793335,1008.5008,1000.5971,7.1992927,-1.902269,6.6908197,-8.600882
11.9,10.235809,8.19,8.420502,1015.9261,1008.8685,6.993929,0.8688341,-0.19159032,-6.1301665
11.52,10.286713,6.96,7.215515,1021.26416,1016.09485,6.750351,-1.6897713,1.4807646,-3.0309598
12,10.568848,5.87,5.4394836,1019.5145,1011.108,2.980842,-2.073246,-2.5110223,-9.638615
14.6,12.298126,11.32,10.047424,1010.9805,998.68976,3.789105,-1.1163164,-10.846279,-19.582867
15.41,13.293518,10.83,9.809387,1006.56604,992.2439,9.5292015,-1.8075215,-6.532571,-22.072588
12.41,10.561554,8.44,9.098236,1014.9868,1004.404,10.589552,0.8566648,0.0925317,-13.578269
12.46,11.8906555,5.87,8.037506,1021.90076,1013.0174,7.8980355,1.5493076,2.202083,-17.04406
13.83,12.988922,12.58,11.930542,1015.0825,1010.659,6.756998,1.9854274,-9.079574,-15.261966
13.02,12.504974,8.12,8.211365,1012.7071,1009.4955,5.8518934,-1.9480791,3.7390106,-10.7894745
9.98,8.968567,6.43,5.8378906,1025.2726,1012.8501,5.9859757,-1.6546768,5.474349,-1.7870435
10.37,8.78363,2.69,4.0856934,1030.615,1025.389,0.90657395,-4.372644,3.2643268,-1.5022731
10.69,9.947876,2.93,3.8334656,1030.3044,1022.4634,-1.828247,-4.7480173,4.9495754,0.459301
12.73,10.582062,2.26,3.087799,1022.8158,1020.372,0.29894423,-3.1900177,2.1321225,-2.3219712
12.12,10.710175,4.22,3.4257507,1023.0135,1019.50806,-1.0341084,-5.027409,0.3934513,-2.3586757
12.24,10.265808,2.05,3.2205505,1019.45337,1018.11694,-0.90189373,-3.5258918,1.4748063,-2.693886
11.52,9.905609,2.02,3.237732,1019.5206,1017.71985,2.2496126,-2.152872,-1.4602618,-4.2017455
14.36,11.062653,7.22,5.490692,1018.0907,1009.40234,0.5618621,-2.5003912,-0.36354512,-11.412334
12.97,11.642609,7.02,7.1235046,1012.76984,1001.7009,8.295171,-2.2752404,3.1717646,-17.980963
9.44,8.868561,5.31,5.2821045,1012.8631,1006.5572,-0.7635796,-2.4169173,1.8649483,-2.4464798
10.3,9.133545,4.48,5.5063477,1010.26935,1004.2654,7.572665,-2.9103253,1.0708734,-9.329317
11.49,10.444,7.72,7.4553833,1012.81366,1003.1438,10.044522,1.5803324,1.8003316,-19.712378
9.24,8.031647,6.18,5.486511,1021.4894,1012.77563,9.477164,-0.22705299,7.930553,-2.788645
9.9,8.717499,2.88,3.8851929,1031.7407,1022.10034,-0.48726973,-3.3653271,3.7662678,-1.3938907
8.47,7.6296387,0.99,2.839447,1031.9855,1028.3822,-1.903995,-3.2705202,3.0113778,-1.5675592
8.77,9.051331,1.34,2.1880798,1028.5906,1020.824,1.1991104,-3.5463388,1.9344255,-0.4997402
10.76,9.619537,0.66,2.9119263,1021.16656,1012.8108,2.7212508,-2.5045831,1.4903337,-3.9108531
10.52,10.044983,5.57,5.3850403,1012.706,1007.6749,5.7419553,-1.4868176,0.8271513,-8.583825
11.2,10.274902,7.37,7.2704773,1018.09436,1008.9101,11.531277,-0.034002375,1.9610877,-11.732191
11.54,10.721222,8.39,7.587311,1018.2628,1016.8028,11.837953,5.0250573,-6.067087,-11.677658
11.64,10.698944,10.71,10.150482,1018.5097,1016.23157,7.100306,1.4612969,-4.5023046,-11.4335375
11.95,10.683746,8.99,8.773254,1017.46405,1015.6472,1.9812511,-0.3534873,-3.5342882,-5.825598
12.41,11.024475,9.11,8.070618,1016.52704,1007.0027,1.5500093,-0.51345485,-2.7418437,-12.829221
12.1,11.213135,10.61,9.276611,1013.1585,1005.9687,6.3789806,0.92563576,-5.6930933,-14.485703
12.53,11.558319,7.49,8.412109,1013.4509,1006.2198,6.2506275,1.0452464,-0.5290985,-16.586172
11.08,10.302002,6.59,5.8355103,1011.9532,999.77704,7.7972293,-2.568319,-3.1829398,-12.200102
11.22,9.299744,8.49,5.7863464,1016.7249,1001.4199,11.923922,3.0062532,0.33955726,-12.624406
10.57,9.261322,8.24,7.5772705,1020.95404,1017.1145,10.43707,6.8128815,3.3061497,-7.6652803
10,9.71814,5.85,6.715912,1016.9763,1012.95825,6.9410157,-1.5065029,2.8986285,-5.4712553
9.51,8.681488,4.53,4.241272,1020.1889,1014.6486,4.4282064,-1.9923964,1.503141,-3.4035647
10.91,9.662445,4.48,4.6140747,1020.9296,1019.27875,3.4989977,-1.9396366,-2.2612822,-7.5036035
10.74,10.254486,8.54,7.258606,1020.8233,1017.877,6.213495,-1.2945483,-0.022274677,-9.091874
10.88,9.825653,7.07,6.0762634,1022.0781,1014.5789,8.382524,-1.1089394,1.2503132,-9.075856
10.12,8.566772,6.64,6.790497,1025.4022,1013.8074,7.1798677,2.5411959,5.4507885,-3.6008437
9.88,8.679993,4.79,4.446106,1030.7341,1026.2318,4.4474616,-1.9584543,4.842043,-3.1640613
10.32,9.698669,1.51,2.785492,1030.0846,1020.034,3.0983906,-2.161167,-0.13071479,-7.0876565
11.81,10.855774,10.39,8.587555,1019.9227,1017.99854,3.3264258,0.7608068,-2.2358546,-8.28249
12.51,11.414124,10.17,8.685547,1017.9341,1015.2114,3.2517567,-0.34946573,1.0364486,-4.621465
13.5,11.108765,9.19,7.8168945,1014.9176,1011.70404,3.5196867,-1.7133718,-0.6965621,-8.063095
12.49,10.956299,9.63,9.166016,1016.97845,1012.7347,5.651187,0.9011579,-1.4337252,-10.820968
10.37,9.2517395,4.95,5.4049377,1023.5924,1017.60333,5.7126617,-2.073097,4.0847363,-0.83670807
9.34,8.5399475,4.19,3.6878052,1021.7603,1011.5993,-0.58989733,-5.539676,3.380983,0.2513551
9.36,7.973358,4.53,4.329712,1024.4552,1014.99915,2.015283,-3.6283677,6.2422323,-1.3160313
9.56,8.411896,4.79,4.032501,1034.9872,1024.9144,2.4110808,-2.6298354,4.813097,-0.14583294
9.68,8.966187,5.72,4.317688,1035.3759,1033.8395,2.4417977,-2.9025962,4.8148165,-1.4495385
10.88,9.631134,4.14,5.371887,1034.2546,1024.9243,1.4456972,-3.1487527,4.307505,-1.1920341
8.72,9.085236,3.75,3.6979675,1024.3824,1015.04443,3.5579085,-2.282416,2.7776105,-4.2518134
9.98,9.055267,6.05,5.878937,1024.6062,1012.74133,5.9538126,-2.1631866,6.1394553,-8.548498
9.51,8.9253235,1.1,2.8424683,1029.5487,1024.8568,2.683032,-3.3294427,2.0327618,-2.3276453
11.13,10.986023,2.07,3.0348206,1028.089,1023.1429,3.1299772,-1.4110885,-1.6328477,-6.6403017
11.47,10.4704895,9.24,9.064453,1025.2345,1021.34955,2.7761772,-0.37650543,2.0262537,-6.829042
10.76,11.2677,3.51,3.522644,1027.1559,1020.9607,1.0867584,-4.3448963,3.6115363,-0.3052067
12.24,11.836578,3.27,4.988739,1020.79736,1006.894,2.2021444,-2.9318316,1.2680532,-7.7942224
11.93,10.975861,8.77,9.46875,1013.2953,1005.9383,8.653732,1.6069176,-5.69417,-14.390149
11.39,9.471588,8.62,6.3590393,1017.52124,1013.31085,9.60996,1.5327673,2.7336571,-8.177812
10.34,8.532471,7.44,5.6255493,1024.0295,1016.86615,6.371745,-0.95661914,2.6082087,-3.5167863
10.1,8.701752,3.41,3.7543945,1029.4366,1024.3473,2.7981157,-3.1823683,5.895531,-1.6059673
8.94,8.039215,1.75,2.873993,1030.6382,1029.2157,2.893901,-2.8349357,6.4748173,-0.95425385
10.2,9.950348,4.25,3.9826355,1030.434,1028.946,2.734924,-2.8961136,6.0330105,-0.54416347
11.13,12.122253,1.99,3.641388,1030.0577,1024.0758,-0.42479435,-3.178139,3.335924,0.02100074
9.83,9.954285,2.69,3.5054626,1024.1617,1021.63947,2.0334716,-2.7566547,4.0601954,-0.24698637
10.25,8.565491,5.95,5.882141,1023.6895,1022.88635,3.2662747,-2.8668394,2.017577,-1.736698
9.26,8.835449,6.46,4.543152,1023.7112,1015.66327,2.4029276,-1.9322094,-0.704237,-2.3969352
11.25,10.454681,6.08,5.4316406,1015.4865,1000.62335,3.838348,-2.399154,0.8976389,-15.491459
12.29,10.407288,10.52,9.4835205,1001.4266,990.86,9.162882,-3.1018434,-10.077926,-18.330524
12.49,10.856079,9.39,8.841461,1004.764,1000.784,9.50203,1.1348569,-5.71571,-10.412155
10.3,9.995789,7.69,7.955658,1004.36304,999.892,6.6531243,0.9869089,-5.605905,-9.045596
9.14,9.414368,6.1,6.686371,1007.5321,1004.13525,5.9141073,-0.80910784,-0.8884067,-7.4494224
10.05,8.930481,6.05,4.8035583,1017.6543,1007.27435,4.2527547,-3.5884256,3.6163778,-2.8288836
8.42,7.8562317,5.67,4.1112366,1012.90704,993.6654,1.9804116,-10.949178,6.825528,-1.2708278
9.01,7.7373047,6.1,5.085327,1017.6792,1000.3141,9.394825,1.5547806,7.4553084,-0.80749047
7.84,7.033264,1.51,2.2887878,1020.252,1017.9074,3.1505961,-2.7084298,4.6015058,-2.3539484
9.01,8.501923,4.12,1.8698425,1020.38354,1010.23096,9.309215,-1.7164098,1.2386259,-8.261849
9.71,8.33609,5.95,6.340088,1010.0853,1004.90576,14.181569,6.844984,-1.8118349,-8.596709
10.05,8.319946,4.04,4.55661,1016.7967,1006.0938,13.384331,-0.3507844,9.307179,-4.085884
10.79,9.8479,7.59,4.770752,1015.933,1001.9609,7.028838,-0.8933687,-2.8756528,-15.77364
12.41,11.243195,7.72,7.5663757,1014.06006,1006.77167,4.4626303,-2.4386857,2.1423016,-6.170964
14.43,12.463226,11.56,10.7560425,1011.2098,1008.8468,4.544559,-1.1677318,-7.443469,-12.402993
12.03,11.139557,9.85,9.118683,1013.65265,1008.5528,4.8144865,0.44522485,-3.6548152,-10.603594
12.73,10.168182,9.14,7.7836,1018.8261,1013.0489,2.7569983,0.039237775,2.1719096,-5.17249
11.49,11.594177,8.82,7.4562683,1021.8119,1018.8608,2.1972191,-2.0769477,2.2698102,-1.4116406
11,10.919037,6.03,5.9952393,1021.81195,1017.836,3.2461164,-2.028747,2.7137043,-1.6258574
9.58,10.690155,7.22,4.825897,1017.8596,1013.8636,2.0502443,-1.9906094,1.8082795,-1.6354388
12.92,11.95105,6.43,5.541443,1014.683,1012.4219,1.6204889,-1.1386869,-0.10039088,-10.975418
12.82,10.789825,8.24,7.9933167,1012.07947,1008.7898,4.585297,-4.7653227,-2.5735703,-8.906295
11.47,11.78772,6.56,5.785797,1019.20337,1012.0744,1.3469529,-6.5292563,2.2617111,-3.4411922
11.9,10.799713,4.06,4.6905518,1027.4047,1020.18225,4.8412,-2.8011506,-0.6690841,-3.8898888
12.41,10.04071,6,5.787018,1027.9913,1022.8861,1.981364,-1.3260175,-0.9407861,-7.6354194
11.42,10.328461,8.87,7.535492,1023.49164,1016.52435,4.538112,0.429166,0.8483288,-7.9666853
12.34,11.273926,6.36,4.8645935,1016.34125,1006.71295,3.718439,-1.5322853,-2.1649106,-9.657259
11.78,11.107605,9.39,7.040985,1007.43115,991.2572,5.1383486,-1.3268021,5.4267526,-13.072592
11.47,8.726807,6.13,5.616791,1006.8834,990.7327,13.602613,0.24908598,5.67771,-8.910137
10.96,8.825317,6.48,6.0229797,1024.0092,1007.36414,8.494072,0.47971058,3.0698144,-3.9597356
10.25,9.164612,6.46,5.2460938,1024.7004,1019.54736,6.0454307,-0.9851703,-2.4607675,-6.580391
11.1,9.824005,9.04,8.716248,1020.3594,1017.8116,6.354754,3.6093318,-4.430433,-6.9297276
11.32,10.315186,10.27,8.796204,1020.7383,1015.3265,6.806191,1.6770048,-5.9303794,-10.391758
11.32,10.237946,8.74,8.39563,1017.07544,1014.4075,6.572416,1.7505487,-1.9447126,-7.98026
11.05,9.917511,7.32,6.21875,1019.5989,1016.72046,6.318228,-0.6728087,-0.46252406,-5.234225
11.05,10.06842,6.18,4.8624573,1027.0245,1019.87415,2.9367056,-0.96587545,3.3187385,-2.9676096
10.32,9.622314,4.51,4.205536,1029.9246,1027.4575,3.1518788,-2.3776114,4.635051,-1.8232214
12.56,12.195831,4.25,4.992218,1027.1489,1014.44025,2.759307,-3.5846279,6.132532,-0.28202742
12.92,12.044525,8.34,5.869629,1021.1859,1014.78394,4.3102303,-1.8797002,1.313799,-7.930752
14.15,12.353699,10.49,9.588989,1021.5022,1017.11206,2.0074637,-0.045129195,-6.626356,-10.781515
13.11,14.590363,9.11,10.881592,1017.07794,1008.4282,3.8252468,0.13144577,-3.0858068,-6.883816
12.15,10.589355,8.59,6.8795166,1021.2709,1004.79474,6.50274,-0.3410363,7.6446757,-13.708952
10.64,9.686035,4.14,4.5875854,1024.748,1022.2368,7.329237,-1.9669971,2.089829,-4.846653
12.05,10.55069,5.74,4.7674255,1024.3966,1022.1678,4.9151487,-1.5032388,-0.59708005,-5.7281694
12.24,10.726501,4.12,5.2015686,1024.167,1017.7107,3.1609035,-1.6350349,2.6877248,-2.7601993
12.63,11.412598,5.31,5.024719,1017.649,1006.21094,8.840372,-1.415156,-0.2627814,-10.378591
10.81,9.519257,7.04,6.984741,1016.1103,1006.0966,10.30881,2.9788866,3.636484,-6.9369907
11.18,10.714569,6.69,4.3529053,1017.2662,1001.59094,6.3513703,-1.8215835,12.9295435,-14.406638
10.64,9.336456,7.77,5.4713135,1025.9299,1011.17065,7.653511,-0.10142548,10.294154,1.2249243
10.2,8.560944,7.64,6.615906,1026.188,1023.29095,6.1083584,3.058682,2.3040586,-2.393684
10.57,10.058533,8.14,5.469055,1023.3898,1019.7718,5.2681193,-0.016803615,-0.6713626,-4.472471
11.32,10.785248,6.89,4.097168,1027.9075,1017.4263,3.0069625,-2.5481613,6.8448334,-2.6503253
11.42,9.826263,1.97,2.723114,1028.6377,1024.1888,3.0922809,-3.799457,4.699864,-0.8666551
12.27,11.416107,5.39,3.4596863,1023.84106,1016.1304,3.671734,-3.2594433,5.624909,-0.49857685
11.37,10.243439,7.64,4.524292,1021.48755,1016.69086,2.9545255,-2.2309585,3.115337,-1.0102193
11.88,10.648712,5.92,6.3762207,1021.83264,1017.46344,2.736856,-1.282674,3.3272822,-0.7356993
13.16,11.793579,8.09,6.3409424,1021.2382,1016.80743,3.589541,-1.2596517,-0.709596,-5.1072693
13.62,13.014404,8.49,7.488495,1021.636,1016.1666,4.244964,-1.4061612,-1.0515087,-5.218245
13.09,12.923065,7.9,6.6410522,1015.9924,1012.77966,5.222496,-1.9467705,1.8003241,-8.360889
12.46,10.734985,7.34,7.1612854,1012.8846,1004.5837,9.081307,0.055417564,3.5616987,-12.29763
10.39,9.127411,7.09,5.795624,1021.31555,1007.8296,7.811186,2.113045,4.405845,-2.7090962
12.36,10.40152,8.67,6.4730225,1022.3432,1021.22943,8.512566,3.881391,-2.146582,-6.495597
10.66,10.789825,8.92,8.305328,1024.4491,1020.68384,6.6773124,2.741752,2.682846,-4.191408
12.03,11.427185,7.19,5.3518066,1028.201,1023.94666,3.7795727,-1.9701178,2.4090023,-0.92081386
12.46,12.432953,9.06,5.614563,1027.638,1022.7488,4.3694706,-1.6034877,0.12964697,-2.746448
14.62,15.382477,9.24,7.652527,1022.75146,1014.15735,2.7748268,-2.3550334,4.402481,-1.8699008
13.67,12.2612915,9.68,8.656189,1018.2924,1012.9132,4.5339737,0.47437176,0.92500407,-5.713919
12.12,10.768768,5.9,5.0726013,1022.47577,1018.77313,4.2582216,-1.5059493,3.3779109,-3.477443
11.81,10.594482,6.81,4.42688,1023.9051,1021.2405,5.934595,-2.116651,5.2921395,-0.5409137
11.37,10.152466,8.69,7.9309387,1021.1738,1017.71594,7.467762,2.5588,4.5851665,-3.6438882
13.09,11.233826,9.04,7.207245,1020.3514,1013.4162,8.648129,1.6675159,-3.3799512,-9.94513
12.03,11.566437,10.12,9.908234,1016.06805,1011.94904,10.734808,5.993291,-0.37416598,-8.524509
12.41,11.641541,9.66,9.685699,1018.04974,1014.3817,6.6301484,2.4112768,-4.732893,-9.990408
12.41,12.714081,11.08,9.772736,1020.73486,1017.63617,5.497409,0.5658024,-1.1181132,-5.487464
13.62,12.858826,7.57,6.2987976,1021.44196,1020.0032,3.7294307,-1.315265,-0.1404941,-2.2397342
13.5,12.390808,8,6.9851074,1023.1128,1018.592,4.098519,-1.4652793,5.664783,-5.615953
17.77,15.840759,5.46,3.3051147,1026.7437,1019.7225,1.5706394,-4.5458875,5.0970154,0.9703087
23.5,19.365936,10.86,7.5917053,1019.55255,1012.599,2.6870725,-6.2251415,3.059431,-1.4903373
13.88,13.192902,10.88,8.180756,1016.1157,1012.50134,5.876271,-0.9237861,0.8599222,-7.315667
14.62,14.468903,10.44,9.741791,1016.39343,1008.9311,4.5460668,0.6486741,-5.6474805,-9.952539
13.5,12.439056,8.17,8.433014,1012.95917,1002.7875,9.581334,1.4668657,6.461963,-11.458351
12.73,11.354919,7.62,7.204254,1026.4218,1014.6181,7.9855957,2.2038412,5.455721,-2.5275831
13.11,12.430756,6.33,5.4096375,1027.2072,1022.41205,3.5053756,-2.2573788,6.057066,-2.0478528
13.11,12.238129,7.49,5.713562,1022.3696,1019.83966,3.9363253,-2.9655051,2.3551745,-0.6456634
14.41,12.698517,8.57,7.1493225,1020.42017,1018.95056,3.459974,-0.7222155,2.8654006,-4.0935173
14.34,13.704956,8.87,6.6770325,1021.59467,1019.109,3.3266773,-1.1417248,4.528791,-0.11497322
13.16,13.364044,7.34,6.7993774,1018.92365,1013.0386,4.659061,-2.1543226,2.1643386,-3.9324436
13.28,12.049408,9.31,6.548645,1020.712,1012.3142,8.981121,0.5827009,7.078824,-9.768129
13.4,12.818481,6.91,5.609314,1020.71436,1016.2029,3.6213322,-4.6840134,4.65597,-0.9029735
11.69,13.369751,8.97,8.486847,1017.2145,1015.03033,3.0356963,-2.933914,5.4198976,-0.170954
12.82,12.272003,9.04,8.518799,1018.2969,1014.1512,6.780123,-1.3298577,4.637656,-5.403303
12.19,11.147583,9.51,8.2247925,1017.02563,1008.0563,10.267784,0.8898186,1.220841,-7.9017153
12.17,11.5242,7.59,7.369049,1027.2957,1006.6731,10.869196,1.4423273,8.102016,-6.0142093
12.15,11.352875,3.88,4.1922913,1029.3479,1024.565,3.7845943,-2.5955026,4.078211,-1.2137872
12.32,12.721954,7.77,5.3786926,1024.4778,1018.354,5.3873687,-1.1932484,3.201248,-5.260593
13.52,11.759613,10.37,7.0121765,1021.87695,1018.97107,3.3611267,-1.3957539,4.0733337,-2.1049273
12.85,12.779114,9.19,6.948395,1021.31396,1019.35095,3.3588824,-3.0004241,4.0564427,-0.33974573
12.65,12.193878,9.53,8.837006,1019.73456,1018.30133,4.5312943,-0.7361877,1.6538478,-5.7438154
12.46,12.357697,11.64,11.138306,1018.623,1014.30304,6.4794836,0.75337064,-0.28484285,-6.297407
14.58,13.516388,10.1,9.813934,1019.85046,1015.1658,5.8654895,0.21189788,1.7888703,-1.2375777
14.1,14.900452,8.99,8.130768,1020.26776,1014.95087,3.552725,-1.3648875,0.4638851,-3.9061396
15.2,15.54892,12.29,11.110962,1014.9246,1012.47125,5.5388956,0.021109017,-0.47944364,-8.956825
13.67,12.907928,9.98,9.368225,1019.086,1012.4851,9.037803,1.6547751,3.7410562,-9.27195
13.04,12.687775,7.97,6.242401,1018.613,1015.7073,4.233194,-3.147504,4.4648557,-1.2963948
13.76,12.099945,7.74,5.699768,1023.0067,1016.59924,4.6479163,-2.3024797,3.0791826,-1.9262081
15.17,13.965912,9.68,7.367401,1023.32916,1018.9094,4.987016,-1.0932324,-1.137116,-7.28155
13.91,13.301483,10.2,7.40683,1018.8893,1016.58026,3.808006,-2.5453546,4.291927,-4.9673085
13.74,13.160858,9.68,6.5368958,1018.5837,1013.64307,3.9627874,-2.5756097,2.136818,-2.3854215
13.21,12.519775,11.56,8.82373,1018.55945,1009.56177,8.231239,-0.53676456,5.5367017,-9.242655
13.64,12.120209,7.37,6.1842957,1022.6661,1019.0199,4.0598397,-2.9120502,7.3484645,-1.4429095
13.98,13.525116,8.29,5.811798,1022.70123,1020.8716,5.002688,-2.3180695,7.5337124,0.43417072
13.95,13.42627,7.32,6.100952,1023.82117,1022.337,3.3732204,-2.6978211,4.7025385,-0.18930717
13.45,17.049652,10.2,8.312073,1023.8257,1021.22906,3.2719414,-2.7356908,6.5830016,-0.78299326
17.44,18.728943,9.14,9.557617,1021.4425,1012.4486,2.6038432,-3.4943511,4.930386,0.6339599
15.25,16.568665,9.71,9.354919,1018.5902,1010.1771,3.016073,-1.6560123,4.4259863,0.606007
15.91,16.302338,9.68,8.304413,1021.72595,1018.5428,2.9804442,-1.8736889,4.545858,-1.3365991
14.79,16.369293,8.67,7.9778137,1021.2332,1016.0536,3.608867,-1.3388772,5.825575,0.26589906
14.07,14.475555,10.86,9.286804,1016.0608,1009.1916,3.6357458,-1.7383881,2.4714339,-3.0621555
13.71,13.75589,10.05,10.942413,1008.6277,1003.06805,10.809839,0.4356228,-2.3643725,-11.471437
13.67,12.811066,9.95,10.269989,1015.3979,1004.7528,12.156015,5.0249133,3.028569,-6.3204823
14.36,13.569977,9.48,9.033173,1019.5323,1015.30786,4.399986,-0.113988124,4.053966,-4.0230126
14.22,12.977417,7.34,6.5224915,1021.0231,1018.46906,4.0208163,-2.6253686,3.2368815,-1.2408067
14.1,14.073822,8.67,7.9999695,1021.23706,1019.01654,4.0832205,-2.2956808,5.108314,-1.5263902
16.39,16.386597,7.67,7.2767944,1018.92975,1013.2664,3.588044,-2.3462763,4.5748296,-0.64175326
14.98,15.473267,10.25,10.283234,1017.1354,1011.7287,6.5741735,-1.4416702,1.7970998,-4.5850577
14.72,15.08493,12.19,11.2508545,1017.56476,1016.0061,3.903359,-1.0906109,2.592893,-2.426337
15.17,15.93985,11.54,11.209198,1019.158,1017.2875,4.545095,-1.2782007,6.813747,-0.45109466
15.1,14.724457,9.48,7.805542,1019.0754,1017.9107,4.5146303,-2.6911392,6.3687396,-0.44265032
14.82,15.058563,9.83,7.5034485,1020.2787,1019.0731,4.878981,-2.033848,7.0662107,0.025116744
14.98,15.448669,11.78,10.457642,1019.90216,1013.5033,2.8793933,-0.75614434,3.773133,0.08011652
15.41,14.278442,11.71,11.8689575,1019.3884,1012.44604,4.455996,0.5012925,2.1907082,-1.6001924
16.94,15.441162,12.07,9.384888,1021.8878,1018.98236,3.5821548,-1.7811203,2.1437697,-1.9395361
16.99,16.386627,13.88,11.435242,1021.698,1019.8119,4.2045927,-1.3640361,2.0932698,-2.4589581
17.65,16.92044,13.18,10.316254,1020.72534,1018.0248,3.6470995,-1.7912098,1.3986763,-2.5462499
17.53,16.787872,14,14.220703,1018.07245,1016.4406,5.2954125,0.9822827,-0.0014924526,-4.7028227
18.01,16.017212,10.74,8.976929,1017.28564,1011.62555,3.300587,-1.111113,0.29144776,-2.0714405
16.82,15.294434,11.25,13.489777,1014.6242,1009.02563,7.704359,-0.008536557,2.2784956,-7.4417567
15.84,14.892609,9.95,9.806305,1018.60547,1014.32446,7.1176634,0.33721069,2.6042013,-8.57172
14.82,13.825806,12.9,12.121429,1013.9904,1005.3083,10.505803,4.1591225,-1.5099877,-7.8593965
14.7,14.524872,12.97,10.778412,1005.24786,996.793,11.159829,0.7241793,-3.3726988,-14.093939
14.77,14.033386,11.2,10.662872,1009.1857,999.65216,9.930144,3.233857,2.8079407,-6.58703
15.51,15.095642,13.16,10.646881,1009.6128,1002.9724,10.805274,0.25635684,-2.7605898,-13.703516
15.53,14.080322,10.76,10.494202,1019.2918,1009.9118,9.675927,2.2715666,2.1334765,-3.8671696
15.65,15.202118,8.42,8.738159,1019.2252,1016.3669,3.879041,-2.8281364,5.9596186,-1.2544475
15.53,15.793884,9.85,8.95108,1017.991,1015.45123,3.497958,-2.2456658,3.6530077,-1.0061423
16.39,17.237396,11.47,11.424194,1018.1105,1015.3141,3.7248685,-1.5503807,1.7724315,-2.876373
17.15,15.901184,14.94,13.922272,1015.2287,1010.8906,3.4131973,1.1686988,4.1928806,-3.5677958
18.01,18.197113,10.59,9.314575,1015.19116,1010.9281,5.3937464,-1.6303563,2.3812613,-4.9138308
18.27,16.617188,13.52,13.140137,1016.6188,1015.30005,5.0860763,-1.1378926,-1.4884288,-5.8447046
17.56,16.158112,13.81,10.823669,1018.1869,1015.49835,3.3151555,-1.349263,1.7699842,-4.3919873
16.39,16.17041,10.64,9.384644,1016.1813,1013.9006,3.3963873,-2.2957613,2.4441805,-0.62113845
20.06,17.880035,12.46,10.922546,1013.98083,1011.9202,5.18898,-1.9039038,1.6447064,-8.788204
16.77,15.519104,13.02,13.211334,1016.2017,1010.7048,4.740135,-0.22917667,6.5053024,-8.522398
15.41,14.68512,11.32,8.554565,1017.35236,1015.454,8.352415,1.0494342,5.19246,-3.692546
13.02,12.007263,8.05,7.311737,1017.0464,1015.26263,6.326236,-2.8713336,4.551111,-2.1097121
14.7,13.370361,5.62,5.7852173,1022.34424,1017.4662,4.2530313,-2.5519543,5.888722,-0.8190271
16.08,16.83429,6.03,6.586609,1024.3121,1019.5672,4.5200744,-2.8131285,8.039554,-1.0785283
20.15,17.187592,8.52,7.5959167,1019.20935,1015.88696,3.4002721,-2.8453104,4.040265,-2.6825218
16.11,15.563477,8.77,9.049438,1016.928,1012.4701,4.4753428,-2.0521584,1.6435537,-6.1242843
17.18,16.201416,9.24,11.180817,1012.5976,1007.6833,5.3651752,-0.71639526,-3.1144636,-9.031814
15.68,14.847839,12.34,12.575958,1008.2518,999.9163,10.925385,-1.0553716,3.7694395,-14.893736
15.7,15.884125,12.9,12.898254,1015.18353,1006.584,9.9755,4.8312244,-1.502657,-12.362043
16.63,15.693573,12,12.110107,1017.13586,1014.4339,6.312469,0.751303,2.3954773,-3.689947
16.58,15.68985,12.75,9.268768,1016.7804,1015.4215,4.0494123,-2.436726,6.691044,-1.6982776
18.41,18.790497,9.9,9.214233,1017.09564,1015.9665,2.5211475,-3.1297612,4.500759,0.11124724
20.72,19.671051,10.66,10.201691,1016.21924,1011.69806,2.3533359,-1.2419921,2.1891696,-0.37628278
17.51,16.60675,12.17,11.5954895,1012.76953,1011.0479,2.6821158,-0.5055727,1.8485652,-0.5244011
17.34,16.702637,8.72,9.102081,1013.4126,1011.8314,7.2283487,-0.40297738,0.7656178,-7.8693147
15.84,14.722443,12.1,10.480194,1020.4532,1012.15436,7.482431,1.3222286,4.8115845,0.024720963
16.01,14.799957,9.29,8.3862915,1021.0075,1014.3015,3.5529976,-1.4589641,3.3172128,-6.3615117
15.65,14.915527,13.57,12.393372,1014.3427,1012.4723,5.2286563,0.5366076,1.1395831,-7.0096254
17.25,15.666565,12.32,10.457397,1015.8426,1013.3363,2.207996,-1.6443812,0.8132797,-2.0084827
16.96,17.189667,13.43,11.313965,1016.93835,1014.47,3.4435737,-1.5555933,0.85013396,-1.3759297
16.63,15.622437,12.75,10.71521,1021.4519,1015.4035,4.37335,-1.9710536,6.0872474,-0.5735638
17.11,15.652039,11.44,8.482239,1022.5719,1020.84784,3.1380644,-2.8355694,3.880981,-0.8243121
16.58,16.834808,11.25,10.643982,1020.9211,1015.4207,2.594219,-2.2711265,3.1731992,-1.1419451
18.68,18.42572,13.23,10.150421,1015.4816,1013.65375,4.427029,-0.97930104,0.42978638,-7.607487
18.01,15.901184,12.9,10.0130005,1019.2141,1014.236,3.7598774,-2.7756493,4.636581,-7.6614394
17.11,16.474854,11.15,9.600159,1018.23865,1015.221,3.4498053,-2.4643602,4.964788,-2.7641563
15.03,14.139862,9.78,8.100708,1022.90076,1016.3949,4.946128,-2.701473,7.469173,0.4126645
15.46,15.31604,7.77,7.887329,1025.5138,1022.774,4.173379,-3.1594167,7.566902,0.3534154
15.82,12.548248,10.59,12.548248,1024.7906,1024.7906,-0.5643428,-0.5643428,2.9773757,2.9773757
16.11,16.222748,12.63,12.406311,1013.63983,1012.3134,3.4680698,-0.825328,5.95323,-0.3009774
15.25,15.190155,11.93,9.006195,1016.0531,1013.06104,3.5252001,-1.3612806,3.0782223,-1.9865922
16.94,16.415894,10.37,9.588562,1014.8731,1012.2326,5.3012395,-1.0199127,1.1120337,-5.7861032
15.63,14.722076,10.05,8.864655,1023.35474,1014.0878,3.8035848,-3.350267,4.4838023,-5.0737424
15.46,14.846741,7.49,8.105835,1023.41815,1015.9347,3.7223942,-3.887472,5.4316473,-1.1554533
16.34,16.153473,9.9,9.315399,1016.29095,1014.7285,2.6193724,-1.7340833,1.7758079,-4.3013372
17.13,16.58731,13.52,12.938507,1015.59717,1012.3362,4.8667455,-0.5041667,-0.13288783,-7.7735653
17.3,19.192719,10.98,9.321655,1018.0784,1013.86206,3.5684526,-4.7100797,5.662291,-1.8902569
22.42,19.55252,15.37,12.93219,1021.06726,1017.3766,-0.9992561,-9.523633,3.1355925,-1.1617403
25.06,20.533081,14.89,10.92157,1018.5571,1013.9205,3.6007552,-6.4564123,2.7084527,-1.1069661
19.29,17.415588,11.27,12.27829,1013.9219,1010.509,4.8225183,-1.6814901,1.1945412,-3.4118202
17.87,17.445251,15.25,12.806366,1011.7821,1010.6242,4.9691386,-1.4755652,-0.49485883,-6.8974314
18.91,18.178467,13.5,12.141815,1011.8669,1006.6448,6.4929805,-0.36462525,-2.5097134,-12.985208
16.92,16.318787,13.4,13.214081,1010.3169,1005.69946,7.70678,0.805148,0.11220684,-7.8052263
15.32,14.369507,12.12,11.139618,1014.7738,1004.6699,15.595083,2.1977477,2.3192968,-11.760727
15.39,15.121399,12.39,11.408142,1019.2581,1014.8248,11.058299,3.560193,2.4190865,-6.393633
15.96,16.186523,13.52,13.014008,1016.2269,1011.50214,9.124746,2.7783928,-0.8765423,-8.49086
16.99,15.972015,14.27,12.035889,1015.6013,1012.34656,3.3386502,-0.10237217,-2.019513,-7.7109
15.91,15.32785,12.7,11.987579,1014.25165,1008.15826,7.5037613,0.45219484,3.1416132,-6.968093
15.01,13.941864,10.27,10.512299,1018.89655,1014.0538,8.066277,2.3157604,1.5668143,-4.336261
15.46,14.754517,10.44,9.26178,1019.13617,1010.7788,4.582623,-1.0291064,2.4908073,-8.20746
15.41,15.089081,12.85,12.392853,1009.9807,998.2643,9.532425,1.0343459,1.6758848,-12.620749
16.39,15.478943,12.44,12.581116,1012.7302,1003.7123,8.426263,2.1441028,2.7753916,-8.546365
15.32,14.823853,10.61,10.715088,1011.9048,997.64154,12.786405,1.2361207,2.2363684,-15.963561
14.46,14.206848,12.03,11.191437,1023.8328,1013.06586,8.9660425,1.1893647,2.6915967,-2.0158925
16.03,15.671204,11.95,9.856445,1024.1255,1021.5105,3.2110267,-0.7552482,2.8780456,-4.1786304
15.41,15.3611145,8.97,8.552673,1022.9693,1018.5465,3.4470854,-2.6269588,5.77391,-1.2473726
15.51,15.305481,11.98,11.338776,1021.28015,1017.2351,3.718234,-1.4744248,5.4885316,-0.9741086
14.94,13.989166,6.81,7.807373,1022.2621,1021.30225,2.76485,-3.2391698,3.5602221,-0.9924217
17.56,15.309845,11.3,9.293976,1021.8003,1019.66907,2.363159,-1.8165305,2.798199,-1.6722533
18.51,15.518433,12.17,10.895355,1021.576,1015.0533,2.3074908,-2.1294978,3.203362,-0.8614972
16.08,15.507751,11.08,11.326263,1014.8722,1007.3882,8.163362,-0.6556578,0.13942353,-10.166287
13.91,12.588318,10.27,8.677673,1024.9719,1011.3963,7.022475,-0.8705706,6.726699,-2.596132
13.95,13.323578,6.46,5.852844,1026.112,1021.87537,3.0854447,-4.0839934,6.214664,-0.18352182
13.76,13.244843,6.69,6.1303406,1022.114,1012.0055,3.0436628,-3.688974,2.2205703,-3.135147
16.96,16.56012,10.08,9.85376,1012.7176,1007.45386,3.467148,-1.2724782,1.1886827,-8.306585
13.43,13.334595,11.76,9.6502075,1016.9282,1007.7126,4.824223,-2.6830041,6.1458774,-4.476951
15.84,14.545929,11.35,8.849823,1017.2681,1002.9001,6.6823916,-0.5694301,0.12382326,-11.250611
13.31,13.027496,9.73,9.119354,1021.95386,998.9587,12.270994,3.8723283,9.503381,-10.728401
14.39,13.145111,9.39,6.959564,1025.4452,1022.9084,3.344971,-1.3227649,3.1847527,-3.2566094
15.63,15.51416,9.21,8.413147,1024.5667,1014.19476,3.2496364,-2.9061933,5.1946464,-1.7304225
16.61,15.168304,11.22,9.380554,1013.9271,1007.87524,7.23217,-1.7968174,0.9370609,-10.620779
15.8,14.2005005,9.71,8.885529,1013.7226,1008.71344,6.8585625,0.93402505,0.08936516,-8.910078
14.17,13.197449,11.13,9.893066,1011.7425,1006.9046,10.955559,1.7833099,1.5708424,-11.237034
12.9,12.062286,7.74,8.171112,1027.7157,1008.7439,13.866768,0.26677775,7.409176,0.3541303
12.44,11.946625,8.32,6.006134,1028.2247,1024.583,3.1262987,-2.277004,3.938361,-2.035401
14.17,14.127502,8.89,5.8413086,1024.7236,1021.46124,2.2559516,-2.547784,0.22581261,-2.2469885
13.74,14.261871,10.08,9.28241,1021.5184,1015.2396,4.456579,-0.9774237,-0.17899063,-3.2257166
14.96,13.3573,10,8.93866,1015.1306,1004.9856,9.403281,-1.100461,3.8591545,-10.467604
12.53,10.937073,8.27,7.6976624,1021.47266,1012.72046,6.7652397,1.3348627,4.0543165,-4.8836226
12.8,13.00531,10.57,9.646973,1020.96906,1013.9663,4.855622,-0.5695102,0.16722122,-9.239863
14.48,13.276337,13.04,12.483124,1014.05493,1011.1925,6.202731,2.0350258,-4.7084303,-8.841905
15.08,13.353455,13.69,12.846558,1012.8694,1009.07,7.2147307,1.8305465,-3.5662117,-11.854695
14.43,13.489838,11.47,11.234863,1017.6211,1013.0909,2.8463593,0.14867175,1.6737893,-4.599782
11.86,13.456451,6.31,7.6714478,1017.94745,1011.7862,2.7867007,-1.1597699,0.6148291,-1.6897204
12.77,12.587524,8.44,7.7482605,1011.51245,1007.38025,5.3840566,-2.0990038,-0.8517045,-8.575763
13.52,12.193481,5.31,6.8583374,1017.0252,1012.0687,3.2133796,-1.4329957,-1.3002723,-3.9026892
12.51,12.131989,10.12,7.235504,1017.4041,1013.94257,6.603783,-1.3855959,5.56197,-5.769463
13.74,12.268158,8.09,6.561035,1021.6323,1016.8586,5.0535684,-1.80197,4.938129,-1.8984115
13.52,13.23526,9.93,8.258636,1022.3525,1020.5143,3.0069287,-1.4930642,2.4127421,-4.055825
13.33,13.061371,7.87,8.430023,1021.0042,1013.0213,2.36348,-4.117925,3.5847983,-1.240283
13.52,13.712952,10.74,8.51236,1020.89154,1012.6353,3.703388,-1.8742396,1.3384081,-2.7657788
13.81,13.688538,10.27,9.239014,1022.35956,1018.79407,1.7967232,-3.076183,3.6778905,-1.6304483
15.65,15.024109,5.85,8.358826,1018.55414,1013.6208,3.5679743,-2.1689713,1.7948116,-5.6937494
14.22,12.73877,10.57,9.066132,1014.26794,1011.7851,4.304054,-0.6779703,1.6455365,-5.9937534
13.64,12.364319,9.21,8.693939,1015.29346,1009.1889,3.2611973,-0.6167727,1.6672808,-10.406931
13.11,12.254486,7.07,7.596466,1019.6476,1015.5318,2.9875162,-1.3283113,-2.8443458,-8.21946
13.11,13.0155945,11.83,10.091583,1016.8855,1004.61163,13.210686,1.4670606,6.4891815,-13.938616
12.82,12.261749,9.26,8.523712,1010.61725,997.353,8.206974,-0.8749118,1.495771,-13.386307
13.04,12.519836,10.76,9.702881,998.72565,994.4586,17.0974,9.012857,0.24586427,-13.974055
12.12,11.569366,7.9,8.786377,996.7581,985.4289,11.290764,6.1575565,1.2121177,-17.280037
13.26,11.052368,8.82,8.290192,1000.8604,990.4419,11.721771,1.7296752,-0.20048946,-13.254353
12.15,10.771118,6.26,6.193756,1001.2135,989.3918,12.664663,2.3433099,6.829409,-10.641555
9.88,8.81427,5.62,5.0117493,1014.3407,992.1008,7.3404756,-2.650215,8.250474,-10.175496
10.47,9.833496,4.43,5.058014,1025.4105,1015.35175,4.3092937,-3.2265701,4.1134753,-2.2477603
10.47,9.383728,2.4,4.170868,1025.6073,1021.8564,2.3287284,-2.1877737,2.8861783,-1.5783389
13.33,11.28244,3.91,4.806427,1021.87805,1018.78326,1.9176856,-1.396555,-0.7638328,-7.040009
12.99,12.008881,9.9,10.28067,1020.41064,1017.8942,1.8284452,-0.6929599,0.092111155,-5.2043166
11.27,10.9166565,7.19,5.9276733,1024.2411,1020.9144,2.900879,-1.9467973,2.5894368,-4.2333364
13.35,11.758026,9.58,8.950226,1022.16406,1016.77966,5.178008,0.70169294,-3.7446718,-8.358713
13.5,13.134247,11.08,11.45285,1016.4811,1013.2773,4.4474688,2.0949433,-4.6895213,-8.404617
13.93,11.943329,9.31,10.17041,1017.5376,1014.27716,3.762808,-5.218881,1.9653866,-7.1577897
13.76,12.87915,10.64,9.488739,1018.3758,1016.267,4.7731295,0.08775727,-0.48615572,-7.642771
15.99,13.4097595,11.98,10.766968,1016.00244,1006.72955,3.7786548,1.4557015,-5.9606013,-15.204401
15.84,13.717773,9.48,9.484222,1022.3526,1005.0804,8.495933,1.1801467,2.041634,-16.869404
11.52,10.275421,4.43,5.3197937,1024.411,1023.3045,2.148032,-2.5523734,2.4026387,-1.1821043
15.56,12.969696,4.74,6.01709,1024.7434,1019.9763,-1.9088001,-4.174451,3.2699363,-0.971827
11.49,10.600311,7.09,6.864746,1019.9373,1010.5181,0.8068289,-4.018576,1.5675473,-1.6060019
11.32,12.28952,8.39,8.01712,1012.8471,1002.46313,10.510761,-3.8028977,4.4252515,-8.5160055
11.52,10.422272,7.54,7.69223,1021.4295,1013.4562,6.85278,0.6698707,2.4960759,-4.893347
12.39,11.229187,5.77,6.9665527,1023.7121,1021.29376,2.40201,-3.4822695,3.2580361,-6.2468743
15.06,14.562805,5.23,4.9250183,1023.98706,1018.7779,-1.5927182,-4.1476336,2.1918228,-1.5767295
18.89,15.479736,8.79,5.9437256,1020.4549,1018.4461,-0.15712488,-6.2165227,2.4237156,-2.862457
15.72,15.065033,5,7.453308,1021.1089,1016.78046,0.44734317,-2.8508596,1.8056663,-3.0723627
13.14,14.933685,4.01,6.9231567,1016.6287,1009.86414,0.09065593,-3.2200341,1.4471629,-2.222564
15.96,13.10498,8.09,7.4081726,1010.7749,1003.8172,1.7374818,-2.9448698,1.9999399,-9.998853
15.15,13.537964,11.25,10.21405,1014.563,1001.0193,10.89681,-5.741436,-4.87906,-16.849545
13.23,12.0346985,9.78,8.795319,1015.36975,1006.77075,9.104855,-0.39160895,-0.68423706,-14.616729
10.64,12.028168,6.2,6.5768127,1013.1161,1005.72375,10.739673,1.7634739,5.336941,-12.0191765
10.54,8.881287,7.59,7.2377625,1013.04175,1009.2846,14.965322,2.7295473,1.1426436,-6.2796845
9.98,8.476837,5.92,5.140045,1019.2261,1008.97174,9.216625,-2.2286146,3.6904414,-4.1136584
8.89,7.7921143,1.53,3.2392578,1028.3751,1019.20776,0.37925863,-3.7509365,3.6771395,-1.0957868
9.71,8.339905,1.86,2.2993164,1028.4546,1023.6227,1.6310136,-3.8492727,2.9154491,-0.91623384
9.46,8.119629,4.87,3.9446716,1024.1731,1022.80585,0.53143895,-2.5592542,4.3467727,-1.199774
9.44,8.259155,4.61,3.7612915,1022.86017,1020.9447,1.1179253,-2.335673,3.2054691,-0.8250257
9.9,8.628235,5.46,3.6235657,1022.4964,1021.09375,1.8952516,-2.4983695,3.8746045,-1.3416702
8.34,7.6326904,3.25,3.5972595,1022.84,1020.7869,0.70591414,-2.5249736,1.3366586,-1.9622747
7.84,8.096741,1.1,2.170044,1020.8504,1017.47565,-0.9881265,-2.9610386,2.998342,-0.7984517
9.36,8.402222,0.27,2.3825989,1018.0159,1017.22906,0.7396055,-1.8666507,1.8718221,-2.2308967
7.74,9.062927,1.07,2.6371155,1017.1832,1015.03516,1.1720128,-2.4317625,-0.426325,-3.5952888
10.54,9.989868,5.92,3.685852,1014.8878,1005.53046,-0.89369786,-4.930486,1.6531967,-6.1120787
11.13,8.975555,5.23,5.532593,1015.3123,1004.8284,1.2550346,-3.0447736,3.8037918,-4.1673384
9.61,8.939453,1.67,3.806488,1015.6101,1007.6197,4.736848,-3.1434746,-0.43793598,-14.672112
10.96,10.808075,7.92,9.107483,1008.93555,1001.3035,6.909393,-2.851706,1.6898627,-16.449924
11.73,10.353577,7.74,7.506775,1011.7134,1001.411,3.9920347,-1.2084427,-0.23493806,-7.3368635
11.71,10.74469,9.29,8.105011,1014.4955,1006.7629,12.47993,0.73967427,2.2463,-12.1214695
9.34,8.147522,3.14,3.4393616,1029.4425,1015.6096,7.8046603,-2.8106325,3.4272544,-2.1457026
10.05,8.881866,1.32,2.5922241,1029.8235,1019.4153,0.74445266,-1.8708065,0.8190069,-2.2059226
9.98,10.0159,1.21,3.1602478,1018.94946,1012.2912,1.9601579,-1.300726,1.7466999,-2.3155377
12.7,11.950256,4.9,7.1098633,1012.6694,1008.42993,2.6136425,-1.1606034,-0.7841247,-12.796132
12.85,11.630188,10.52,10.196289,1009.7433,1007.4294,3.1396053,0.6627266,-4.590663,-13.278349
11.15,10.560822,6.23,8.351837,1015.84595,1008.6742,2.7945304,-0.36579996,-2.4773943,-5.7328687
11.27,10.477905,5.64,5.776123,1018.60425,1016.27795,2.1228018,-1.390705,0.5548668,-3.7632082
10.47,9.299866,7.84,6.5563965,1019.5886,1014.41833,9.909943,-1.124453,7.0494833,-7.7952294
9.34,8.249451,4.4,5.8309937,1024.1604,1019.52374,5.8081417,1.3840842,4.8395267,-1.0898266
11.37,10.718597,6.43,5.0868225,1021.7488,1010.9038,9.026671,-1.4284482,5.747923,-10.920351
8.62,7.923828,2.66,2.8005066,1016.98303,1012.25696,-0.59560144,-3.6053178,3.378751,-0.9608466
9.09,7.7586975,1.7,2.627411,1018.40643,1016.9035,-1.4893285,-4.127139,3.2125745,-0.31104904
9.26,7.3232727,2.16,1.7956238,1020.8674,1018.5461,-2.0898733,-6.2850795,3.3154738,0.25185972
8.37,7.280548,-0.12,0.27783203,1020.7185,1015.76385,-1.33634,-4.7124863,2.3279836,-0.94240314
7.97,6.563019,-0.17,-0.24682617,1017.8004,1016.13,-1.9347501,-4.119342,3.0822122,-1.2100831
9.71,6.9924927,0.41,0.30566406,1026.7115,1017.872,-1.6449412,-6.976907,3.2537475,-0.07989729
9.46,7.8595276,1.62,0.5202942,1026.8999,1019.4761,-1.4271208,-6.786114,3.006992,-2.5029087
9.26,7.622528,-0.26,0.9650574,1019.1677,1014.59924,3.2589521,-2.2120628,0.13985926,-3.8594012
9.95,9.248352,3.06,2.7072144,1014.53296,1010.7287,4.04002,-0.7511031,-3.579861,-12.473122
11.49,10.968506,9.48,9.15683,1010.1965,1003.77185,5.962278,1.9615278,-1.0157003,-17.591215
10.76,9.922974,6.46,6.3226013,1015.34686,1002.2508,9.92277,-1.2562928,4.9178796,-8.128545
10.2,9.250916,6.91,6.7211,1016.736,1005.06976,6.5756836,-1.2086275,0.43432105,-6.8009152
8.87,7.5872803,5.54,4.647522,1010.2326,998.8261,5.7381306,-2.16916,5.962222,-3.7596698
9.16,8.878387,5.26,4.3294373,1010.2276,1000.2642,11.313933,-1.0352309,2.2987835,-12.507878
10.1,8.516693,5.9,4.987488,1009.7074,1004.0901,11.438449,1.7944646,-0.73177636,-11.268734
10.03,9.341888,6.36,4.0415344,1009.6064,1002.4893,11.072987,3.2682424,-0.8564747,-13.478216
9.93,8.700806,6.89,5.4490967,1005.85846,998.7043,12.971212,1.8457743,-2.3574436,-8.742464
8.89,7.7695007,5.08,4.8706665,1009.9904,992.63245,13.916031,-1.4368802,7.4280167,-8.305605
10.34,9.181732,6.43,6.376129,1011.7717,1005.8836,7.1948223,2.2321563,0.3198112,-12.415028
11.15,10.203949,10.12,8.918213,1005.71234,998.7121,2.4109693,-1.0973327,-12.3250065,-14.99518
10.98,10.058655,6.86,7.5772705,1000.27765,996.978,4.3387904,-2.6425853,-1.251793,-16.885448
9.93,10.149384,5.54,5.736389,1013.576,1000.94025,0.6429725,-3.3265882,0.65806353,-4.8533583
9.09,8.656433,4.06,4.016815,1016.1652,1012.2112,6.90826,-2.7477074,1.2099494,-10.586083
8.77,7.4603577,6.38,4.2421875,1010.9215,1005.7903,12.594138,0.55827737,1.406011,-15.08318
7.42,6.963257,3.7,3.462738,1009.3734,1007.0491,7.179865,-1.887063,-0.524147,-5.776108
9.71,7.923401,3.77,2.5545654,1019.6206,1008.24335,-1.4544865,-5.981471,3.065549,-4.383527
10.2,8.888855,2.8,1.6993408,1023.87274,1020.2325,-1.6129173,-6.4003234,2.0811253,-1.4877485
8.82,7.87381,0.99,1.924408,1023.4754,1008.82404,4.776022,-2.3090343,-1.1701646,-14.839039
9.16,9.072723,6.79,6.380249,1015.7491,1005.83545,10.651148,-0.16716665,6.90948,-13.583616
9.46,7.8678284,5.77,4.14563,1022.49963,1016.87054,7.3866296,1.4243057,2.4469178,-7.3178735
11,10.205231,6.71,4.6854553,1020.13,1005.78876,10.414094,-0.9513172,-5.440961,-16.899086
10.86,9.910095,6.43,5.64328,1012.32794,1002.86505,11.547231,5.5627303,3.9108438,-10.128014
8.14,6.8382263,4.82,5.1454163,1015.665,1013.0641,10.755215,-0.43209282,3.8330061,-6.340728
5.67,5.383972,2.8,3.3519287,1014.4961,1001.7887,-0.4995787,-9.437033,3.6135569,-0.31182402
8.19,7.039917,4.27,3.9830627,1012.6524,1001.5589,0.8955847,-8.740211,3.488459,-2.393462
8.77,8.531189,1.64,2.267334,1016.25305,1012.78204,1.6379256,-2.0223727,0.42863238,-1.6801034
11.44,8.774506,6.91,4.736725,1016.9782,1009.2414,-1.7766068,-8.553247,3.2693799,-0.72460735
13.74,13.049927,7.52,7.3248596,1019.7913,1009.1548,0.38991007,-8.866078,4.4056234,-4.984048
11.13,10.794067,6.15,5.799591,1025.013,1020.22797,1.7942522,-4.538005,1.7206887,-2.033706
9.48,8.572571,6.66,4.164917,1027.6676,1024.694,5.040114,-1.2353992,-0.69438714,-4.3113933
9.29,8.38916,6.53,5.2106323,1025.5682,1018.33813,3.27603,-0.84769386,-0.24867283,-5.021195
9.29,9.251953,4.17,3.751007,1020.1191,1018.5388,1.0563475,-3.0892305,4.0737333,-0.96163034
7.97,7.710724,1.75,2.8240662,1020.56976,1017.70526,1.9746703,-2.6554666,1.8229628,-1.7662258
8.67,8.219025,4.51,3.0178833,1020.1275,1017.72577,1.750951,-1.9470937,1.3854862,-1.9821945
9.73,9.2752075,3.85,2.8423462,1021.42346,1020.24524,2.5720189,-1.6213282,-0.92795163,-3.9323294
10.05,8.852417,5.08,4.405182,1020.43774,1013.4526,8.20719,-2.1745403,1.1059893,-11.433242
8.44,7.668091,4.38,4.9350586,1021.71826,1018.6685,5.5033655,-1.8272303,3.294026,-4.422392
10,8.196167,0.99,2.367035,1020.96716,1018.5256,-1.080181,-4.0965686,3.2250533,-1.6119748
