MELINKA1,MELINKA2,MELINKA3,MELINKA4,MELINKA5,MELINKA6,MELINKA7,MELINKA8,MELINKA9,MELINKA10
14.94,11.003784,7.22,3.087677,1021.6298,1015.6454,1.0886261,-2.4852247,3.967315,-1.5180341
9.44,10.282349,6.81,4.043518,1015.61896,1012.1585,5.102314,-0.4844359,0.5288908,-7.1044736
10,8.52536,5.62,4.6959534,1012.1121,1007.7997,6.9108853,2.0746138,1.0856944,-3.8954747
12.34,9.088287,4.48,3.1812744,1012.38226,1010.3489,3.7284768,-3.4981732,1.713301,-2.5189178
12.97,10.153656,4.87,3.4231262,1018.27704,1011.10297,1.4421762,-3.1225984,2.6141317,-1.7024163
15.6,9.718323,7.17,4.270691,1020.78076,1012.28796,1.7937398,-3.130667,1.0590492,-2.5539238
11.18,9.614685,5.21,4.1806335,1011.99243,1000.78564,1.1067709,-2.375351,1.3703086,-9.565153
11.81,9.212036,6.51,6.0489197,1004.1721,993.8767,8.665358,-3.3954926,0.16486739,-12.439928
11.3,8.975372,6.08,4.833832,1011.2821,1003.75604,3.0784204,-4.243493,-1.801572,-11.440002
10.59,9.695679,6.96,5.9197693,1007.665,994.14136,10.838539,-3.967119,1.9422154,-15.809915
9.68,9.306519,5.18,4.728485,1009.9125,1001.85,10.692909,2.490306,-0.08291949,-9.079082
10.25,8.4664,5.36,4.7694397,1008.0148,1000.4244,12.264902,3.7269735,3.8788214,-5.361365
12.44,9.092346,5.64,4.64328,1022.87866,1007.50006,6.6139,2.5290868,3.014339,-2.8780122
9.46,9.184509,7.37,5.6766663,1023.2701,1010.9564,4.8556185,0.319489,-3.2096205,-7.7863674
13.4,8.661713,5.39,4.527252,1015.7433,1010.16266,4.8358393,-0.70188034,4.994053,-2.3267334
9.78,9.201599,3.91,1.9220886,1015.79553,1001.16125,8.150128,-0.33205745,1.7213786,-11.235177
11.44,8.956329,7.29,6.199524,1012.40784,1001.9467,10.92414,4.2714353,2.1377647,-4.55497
11.52,8.140045,6.96,4.2547607,1022.89667,1011.4693,8.196164,2.6719728,5.933755,-1.6103183
11.95,9.137054,3.7,1.5065002,1026.0059,1021.3114,3.779312,-0.02423045,4.9249587,1.1579052
13.79,10.483154,5.87,3.1509094,1021.2628,1012.4773,2.1860585,-0.2644777,5.004821,0.0897311
10.59,9.797913,5.95,4.1818542,1012.4872,1009.5996,5.045797,1.5963317,0.6051545,-5.404231
11.71,9.417603,6.71,5.6084595,1016.4534,1010.13745,5.5195785,1.5234488,0.9798937,-5.6396627
13.04,9.555542,6.86,3.5487976,1017.3705,1014.8125,3.8728428,-0.96236825,2.1902184,-1.064573
14.31,10.7092285,4.87,2.3510132,1014.7446,1012.7491,4.7856216,0.33772594,2.4950097,-0.016893188
14.31,12.144226,5.82,3.5880432,1014.19275,1011.9627,5.267101,0.40245336,3.936905,-0.0327461
13.98,10.037781,6.48,4.1825256,1018.6097,1012.0193,5.5547066,1.8389983,2.4410312,-1.0531545
12.73,10.516327,8.62,6.0891113,1018.89294,1011.6694,5.1656065,2.1643589,0.025488673,-4.913463
9.93,9.467926,8.87,8.259308,1011.3217,999.3899,5.55385,2.4816027,-3.6242173,-6.432106
9.16,8.6979065,3.46,2.2377014,1003.64233,998.24945,3.78356,-0.39894977,8.099181,-2.7192245
11.49,8.076904,5.13,3.0609741,1010.45013,1003.97974,7.7900524,2.0095313,6.689255,-0.21619429
9.95,6.398041,5.31,2.2059631,1015.7901,1009.0083,5.614274,-0.2760539,6.2605095,-1.5915194
11.47,7.940735,5.31,1.2957458,1024.4269,1014.93964,0.42625156,-10.746085,3.9650233,1.0726576
15.77,10.103149,4.64,1.4813232,1024.6888,1019.03125,2.7148576,-6.339348,4.1629744,-0.43346965
12.82,8.19043,4.12,1.3449707,1018.91095,1016.50525,4.6669617,0.61758953,1.8959419,-3.2927172
8.59,8.604706,6.84,4.708252,1016.63226,1006.8178,5.0756297,0.27486202,-3.0885646,-9.064425
10.44,9.748352,5.59,3.8540344,1010.0647,1007.2704,10.207314,1.6866868,-0.46978548,-4.653555
10.03,9.885162,5.85,5.6239624,1012.0948,1009.8475,6.8687015,2.8688638,-0.87570524,-6.0138197
14.89,10.741241,8.09,7.6292114,1014.4018,1007.92664,6.565574,3.3096828,0.8345858,-4.9808936
10.17,9.301056,8.34,6.0627747,1015.01514,1010.3189,4.8224983,-0.91244245,-0.69611305,-7.1891613
15.63,11.322876,7.12,6.0336,1019.2113,1006.1942,5.9335866,1.8544418,3.72194,-2.8808296
14.53,11.092224,6.33,3.7268677,1019.68726,1015.48975,4.823794,0.38696963,0.72557133,-5.0147634
11.47,10.275635,7.57,4.5975037,1015.4769,1011.40686,2.503076,-1.3723868,-0.6500629,-6.9294586
13.59,11.364929,9.26,7.403656,1013.4853,1006.3591,8.210284,2.0727174,1.7155855,-6.7815595
14.22,10.807007,3.64,2.920227,1017.3872,1014.56836,4.0027804,-2.8026013,1.9649572,-2.9829373
18.18,15.59436,5.18,3.2653198,1014.8133,1010.37634,3.3027349,-0.79957145,1.7679393,0.4429204
18.37,15.139923,7.27,5.070282,1010.3839,1007.3425,4.00943,-1.1023909,1.396848,-2.5621178
12.7,11.23056,9.04,6.498749,1007.6813,998.6002,6.8663793,-3.2009249,-1.3895838,-10.986754
13.04,10.333466,6.69,7.1385803,1004.9902,998.9214,10.509037,4.0388956,-0.41601142,-9.497117
12.97,9.9644165,4.58,4.021393,1017.46405,1005.30994,6.5987506,2.3773491,1.7707764,-1.5149915
13.23,11.07016,3.77,1.6416931,1020.66846,1015.7565,3.0677683,-1.2216023,5.264165,0.07094496
15.39,12.040283,4.66,3.9360046,1015.8596,1013.3167,5.44839,0.6349414,4.3044257,-0.34559566
16.44,12.5868225,5.49,2.4358826,1015.97144,1008.3412,3.2880263,-2.9224997,1.900913,-2.8269973
12.63,10.321533,7.72,4.2485046,1009.3884,1005.4934,2.2652762,-4.576441,-0.40122807,-9.373521
15.2,12.241211,8.42,7.66391,1007.16547,1005.5799,5.9214554,-2.7729146,-0.42432368,-10.261241
12.82,10.772614,7.34,6.093628,1012.92914,1007.71967,6.369325,1.8868603,-0.7873596,-6.126337
13.04,11.210419,8.14,8.104523,1011.78186,1001.48773,6.506636,1.0181473,0.5125821,-9.484154
12.17,10.765167,4.35,6.029419,1002.1301,998.30237,7.7138553,3.0698273,-1.6121342,-7.6847415
14.27,10.964813,7.47,5.355713,1021.3013,999.791,6.9891505,3.1973202,5.100612,-2.0830338
15.37,13.412231,5.18,2.707611,1023.0251,1020.1307,3.8650925,-2.3676724,3.943103,-1.4744952
19.7,16.04358,7.67,5.4599915,1020.3811,1015.7871,2.9902363,1.0747021,5.673984,1.8454444
22.68,18.69571,8.79,7.122986,1015.9324,1010.87225,1.7900229,0.42611712,6.1939225,1.521076
19.79,19.04837,8.12,8.249756,1010.8961,1009.88477,5.446973,-0.9957308,4.1821337,-0.54070187
16.42,15.625183,7.27,6.8463745,1011.7498,1009.2782,5.6841125,-1.580534,2.3665893,-3.755005
16.13,13.112762,9.48,6.1379395,1011.57153,1005.4163,4.439956,-2.80333,-0.075055934,-5.1083794
14.48,12.170746,9.29,8.562988,1006.335,1001.4802,7.0866265,-3.2606258,-0.93511206,-8.281801
14.6,13.005676,8.94,7.4158936,1016.9562,1005.9471,7.513656,2.16783,0.022120629,-5.928168
17.51,13.628723,7.34,4.7206726,1017.8196,1016.1278,5.186294,0.17968167,4.1512804,-0.61580575
18.87,15.202759,7.49,4.3414,1017.17505,1015.8603,5.6847534,0.51539856,4.1358514,0.9007257
21.65,17.838745,8.99,7.122345,1016.95056,1015.241,5.308158,1.0013062,5.807528,2.0958495
21.44,16.851837,9.63,8.681854,1017.7042,1014.66235,6.4362354,1.4862503,4.6879807,1.862969
22.37,18.548523,8.97,6.3466797,1016.48474,1010.96265,4.608266,0.5131232,5.3844185,1.4513187
17.25,16.15036,9.36,9.488281,1010.82666,1008.152,5.8115506,-0.15869078,2.7920523,-0.8293984
17.11,13.446533,9.68,6.6106567,1011.58966,1010.18634,6.1447773,0.9773391,-0.6880296,-5.0189095
14.84,13.778931,9.9,8.112061,1010.20703,1006.1502,7.6405544,-1.4329938,0.07836231,-4.998434
15.91,11.864288,8.14,7.5618286,1016.50555,1008.46313,6.242793,2.7639716,3.6368382,-2.042563
16.92,11.904724,6.23,4.296753,1017.28046,1016.01416,4.6523333,0.83631015,1.4330132,-1.7538947
19.06,15.393982,9.16,7.2838745,1017.636,1015.91437,6.7986975,1.08145,3.7303984,-0.32791236
21.51,18.386688,10,8.05661,1016.85583,1012.89813,3.346837,0.19814128,6.769608,2.2515707
21.22,18.248718,10.52,9.125916,1013.03394,1010.5351,2.7670844,-3.2819927,4.854821,-2.6757674
24.97,19.651184,10.59,7.5112915,1010.45264,1007.0187,3.1922872,-1.855455,2.4411602,-2.6848755
16.77,15.211884,10.74,9.764557,1009.12396,1006.04614,3.7410772,-1.5984908,0.044494193,-6.476873
15.22,14.299713,10.69,10.402893,1007.57153,1004.8898,6.8758817,-2.0110693,-3.3907866,-9.583687
13.38,13.000397,9.56,6.8046265,1007.8354,1005.37195,4.6582737,-0.99367577,-1.3242763,-8.762504
15.82,13.728516,9.8,9.634064,1005.94275,1001.3038,9.645654,0.6595422,-2.5023623,-10.116991
16.42,12.676422,8.12,6.320404,1008.4454,1005.83344,6.854942,0.40926328,-0.24772981,-6.5604124
13.52,11.212494,7.34,8.102081,1012.7835,1000.6069,11.048304,1.868095,2.1543634,-8.470867
12.82,10.727997,8.02,5.6863403,1014.84283,1005.54865,6.718377,0.73027444,0.9853634,-7.495938
13.26,13.3533325,10.05,10.125824,1005.28845,1000.56134,7.381123,2.030313,0.32120907,-7.810787
15.63,12.078583,7.82,6.2254944,1014.05444,1003.9256,8.532854,-1.0178455,2.8568082,-0.9621377
16.11,12.327301,6.51,4.825531,1020.5477,1014.5133,7.5442185,2.2741182,2.255667,-0.8526902
16.34,11.551483,8.52,5.1491394,1020.90326,1012.8086,5.206741,1.7408923,0.4117533,-2.2295537
13.43,11.4904175,8.67,7.422119,1012.5179,1006.9995,6.861743,2.6070526,2.001062,-4.9078603
13.57,11.502594,5.23,4.4351196,1015.61633,1010.11334,6.514277,-0.023999557,1.188849,-1.4864173
15.49,13.378265,7.07,4.703491,1019.0349,1015.0832,7.10854,0.9531343,4.305311,-0.66705203
20.75,15.904999,7.24,6.3363953,1019.57086,1016.7894,4.4348655,0.35268426,5.8336983,1.5058546
23.5,18.865265,9.8,8.023834,1016.8425,1012.3206,3.3119347,0.31467938,6.3023334,1.2401451
21.2,19.822754,9.66,8.317627,1012.41064,1006.64905,3.979534,-0.56363213,3.3433933,0.84465635
18.46,15.99115,10.71,10.279755,1006.5722,1003.4535,6.2774634,-0.4580554,1.4134766,-4.47905
16.08,13.06427,11.71,11.185394,1013.9576,1003.3017,7.269764,-1.348339,-1.711158,-6.78578
17.13,14.256561,10,5.9281616,1014.9827,1010.2752,4.0476604,-0.49921712,-0.47424838,-5.8030896
16.11,14.155273,9.11,10.039093,1009.90564,1000.7737,6.707896,-2.8528566,0.043722343,-8.117724
14.67,13.347961,9.44,8.520203,1003.18866,998.247,10.984219,3.5587373,1.7613604,-7.512753
15.32,12.579529,8.37,6.5566406,1009.4256,1000.7117,8.576284,2.201921,3.2919433,-1.2836313
14.39,13.332214,8.99,6.8644714,1013.56036,1004.199,8.2935505,1.9571805,1.645946,-8.467467
14.46,11.918671,9.83,8.268951,1010.99243,999.0885,11.740836,2.4582303,5.482345,-7.7656283
15.49,12.335266,7.9,4.4533997,1015.545,1011.7742,7.05063,0.6198509,3.4178026,-1.4582933
17.25,14.386719,7.87,4.847412,1015.3741,1013.3339,5.73031,-0.06854,2.091641,-0.966082
18.49,15.731873,10.32,7.9117737,1013.9475,1010.32263,6.582395,1.5694307,3.0706723,-2.394488
17.39,13.568207,9.93,8.455627,1010.8873,1008.1132,8.588392,3.0224102,2.6674905,-1.6071781
19.2,13.999115,9.61,7.784668,1012.6228,1008.36523,6.9223614,1.7588677,3.6484716,0.4427597
17.37,13.542969,9.63,6.798401,1014.34436,1011.28174,5.4531803,1.7358494,1.6479962,-4.191968
17.72,15.77948,11.03,7.4395447,1014.6792,1012.6428,5.569945,0.33831304,1.4335796,-3.208509
19.94,15.404724,9.98,6.4113464,1012.7332,1009.5965,6.654697,0.5876459,0.76210994,-4.2586246
17.11,15.421051,11.88,10.038361,1010.74536,1005.1105,7.043056,1.5726496,-1.9868447,-8.951391
18.51,15.111328,11.61,10.285797,1010.6881,1003.63226,6.3439403,2.2027087,2.864329,-6.9911466
15.8,16.047913,8.97,7.2620544,1011.101,1008.1811,5.4671893,-2.635612,1.2642198,-7.006607
20.1,18.168427,13.88,13.659088,1009.8144,1007.89154,5.1664867,-0.540604,-2.1863918,-5.8686376
20.25,20.468842,13.33,10.581421,1009.0696,1007.3308,5.7575345,-0.7152257,-0.06039591,-2.9904027
15.8,17.796112,13.69,13.128265,1008.6954,1006.2947,4.875151,-2.6662202,-1.1035062,-7.087152
16.7,15.253235,12.56,10.366547,1009.7731,1003.06726,8.775051,-3.7014935,6.7274427,-8.080178
13.88,12.086456,9.8,7.480438,1014.24725,1009.9443,6.677889,2.9039607,3.8654819,-3.4294775
14.94,13.202332,10.76,9.692627,1014.4375,1010.93536,4.7798195,2.1688473,-0.0930842,-4.274361
21.01,16.209076,9.04,6.872528,1013.41077,1012.01306,4.816925,-3.2877777,0.48073733,-4.382754
19.37,18.00592,11.25,8.835815,1013.77155,1009.0087,5.568679,-0.52402997,1.0178509,-5.593996
18.75,14.591858,9.53,7.0901794,1017.01807,1009.9489,7.43416,0.49748552,3.5480018,0.731888
20.41,15.299896,8.42,7.203125,1018.55414,1015.95685,5.432285,-0.105210625,6.967847,1.4847175
22.8,17.34906,9.39,8.611816,1016.6678,1013.56586,5.080967,0.46159112,6.1878223,2.2696948
18.98,13.748077,9.48,8.927521,1014.0449,1008.1605,5.738203,-0.9663141,2.069617,-5.742808
19.63,14.367798,8.69,7.173218,1015.8629,1009.0433,6.9384475,0.40722132,4.102294,-0.85737026
16.27,13.777863,9.56,6.4190063,1016.198,1009.11615,5.842217,1.8307188,1.4648488,-5.0978346
15.94,14.448547,10.32,9.692413,1008.75867,994.3608,10.666707,1.3421111,-3.317763,-8.894301
14.72,12.242676,7.09,7.7962646,1001.259,993.8898,10.455321,4.7859707,2.8587759,-4.712143
15.99,12.902039,5.77,6.077057,1016.5098,1000.85236,8.35295,2.4633932,2.8613162,-1.1209109
17.7,13.836945,7.49,6.2321777,1016.9511,1015.22675,5.704463,2.1803145,2.636895,-0.92474276
20.39,16.551392,8.74,7.503113,1015.5679,1011.24963,5.775334,0.026881214,4.480826,0.37272495
18.13,15.199188,9.53,6.5404663,1011.27704,1007.2912,4.7989736,-1.8507504,0.91409343,-5.1575937
21.25,14.818115,11.39,9.50061,1010.22656,1002.7697,7.7073483,-3.0025654,1.366221,-2.7419887
19.98,17.206604,10.05,9.929657,1015.48236,1010.9295,6.1445565,-1.6494887,2.569461,-1.792004
19.48,16.847656,11.27,10.565582,1015.767,1013.2121,5.1188807,1.359444,1.030412,-1.1585466
18.32,15.161285,12.1,11.363647,1013.64276,1011.2018,3.5206244,0.7863189,-0.8281237,-3.3289294
21.27,18.250732,13.95,12.866364,1012.1293,1010.0458,4.4168024,0.77094495,0.03320172,-3.6588013
22.08,20.115082,14.15,11.811707,1012.6089,1010.01807,3.5921056,-0.7830938,0.76946175,-2.5124824
22.85,19.178162,14.89,13.32489,1011.2683,1009.92834,3.6342225,-2.5815291,0.8321464,-4.3862104
19.58,16.480713,14.43,12.539154,1010.7801,1006.8681,4.722599,-0.9505788,-0.09737053,-6.316105
22.06,16.284485,11.54,8.92804,1012.802,1006.93414,5.047702,0.1368485,5.711504,-5.8101625
20.13,15.485382,8.87,6.914551,1012.293,1007.3628,6.1009665,0.9593295,2.7489767,-5.230285
17.11,13.988342,10.81,10.540955,1009.0349,1004.22064,6.8687334,3.1234286,1.3590795,-6.196613
15.58,14.056061,9.14,8.009766,1009.98413,1008.3803,5.1232758,1.446294,0.12686434,-3.4415479
17.72,15.233368,11.08,9.957794,1010.20624,1004.8543,9.176475,0.823506,1.7360852,-4.656116
18.01,14.267609,10.81,7.080475,1007.1579,1003.405,4.951603,0.98966914,2.0470412,-1.108348
18.63,15.642151,8.49,6.290558,1006.4123,1002.4126,4.255408,-0.57570624,5.8149233,0.09173926
21.72,17.544495,9.63,8.460449,1010.88513,1005.3653,3.4060771,-1.2107143,5.0999804,1.0694027
24.85,18.697235,9.04,8.217987,1011.83014,1009.89594,3.4916396,-0.80702543,4.340644,-0.2706209
23.04,18.175354,10.49,8.234955,1012.65826,1009.68744,4.3172727,-0.30211315,5.4736314,0.95238763
24.19,19.812073,11.44,9.451447,1014.0009,1011.6029,4.3857994,0.71408904,5.8806925,1.4671468
25.99,20.979126,11.44,11.150421,1014.0224,1012.12134,3.0301375,-0.6678654,4.92705,-0.14977412
25.89,22.255188,13.52,13.920898,1014.22516,1011.44135,2.654791,0.5342483,7.226237,1.1149037
24.85,22.707397,15.29,13.750824,1011.3649,1008.2249,2.6491756,1.0357248,9.258985,2.3407297
24.85,19.974945,13.62,11.983032,1009.423,1006.7681,3.8380375,1.4278435,7.368265,2.265173
24.73,22.339539,14.89,12.6058655,1010.1308,1008.23444,2.404335,-0.11540022,6.477692,2.3076003
26.82,21.22641,15.13,11.364716,1010.849,1007.23157,1.5253394,-1.8770345,3.8147876,-2.5913053
27.43,22.348602,12.73,11.001831,1011.73517,1009.7218,2.1756022,-0.15977369,5.450304,0.6607795
29.11,23.416199,15.34,14.180878,1009.66565,1002.93494,3.2681596,-1.2039042,5.7122655,-0.78249365
20.98,18.774933,14.17,12.726898,1012.2619,1002.59424,6.1602106,0.52660966,3.8881445,-2.2998364
22.39,17.317749,10.83,8.932648,1012.8791,1009.3404,5.292469,0.8978386,4.8703914,1.5636346
17.94,14.8029175,10.88,7.5467834,1010.2653,1007.7514,5.4032073,0.5315376,2.0224555,-4.480915
17.65,14.456177,10.2,8.961273,1013.8114,1009.7635,3.3233411,0.62422806,7.96019,-1.6499751
21.03,17.394379,9.66,8.311218,1013.7287,1010.08044,4.58125,0.20503294,5.366314,1.4979439
17.68,15.031799,9.8,7.8098145,1010.3033,1008.7466,5.8274193,-1.268567,1.8874344,-3.9652297
17.39,15.667084,12.12,9.770813,1010.3273,1004.2545,2.5809586,-1.5474472,-2.2856271,-8.272585
14,13.645477,10.17,9.332886,1013.4679,999.47095,7.4761257,-0.11742098,5.8690066,-10.941179
17.01,13.836334,8.97,6.539337,1018.9469,1014.239,5.551982,1.6942351,3.3447475,0.096110865
17.46,14.132141,9.51,6.998413,1018.24414,1011.769,6.0014772,1.6111543,2.24487,-4.685789
15.96,14.2404175,10.27,9.6848755,1011.2971,1005.2261,8.523526,0.99389595,1.3608254,-7.7713165
17.96,14.126495,10.47,8.019867,1017.7855,1009.68304,6.92305,2.6199367,3.3490872,-0.69352275
18.68,18.443512,11.83,9.605499,1018.1403,1015.558,4.810929,0.6125435,4.413945,0.15492271
23.18,18.800964,11.39,9.747833,1015.61346,1010.7964,4.4815936,1.1711582,5.072638,0.36385518
25.62,21.474915,12.03,11.547668,1011.06696,1005.29913,3.1326907,0.63486856,6.7274456,1.5925006
20.44,18.33728,11.15,9.644806,1009.36273,1004.21423,3.5286686,-2.5070138,2.6055067,-2.8326533
16.8,15.405945,10.22,8.923126,1010.9132,1009.6573,4.701243,-1.3177495,1.2841625,-1.7133849
14.48,14.371613,12.22,9.13504,1011.1989,1009.65326,3.075428,-1.753583,-1.3613702,-5.7527323
17.84,16.839172,13.09,11.614441,1010.44977,1007.78925,4.145228,-2.311024,4.293491,-4.084653
20.98,18.461365,11.3,8.36911,1010.8109,1009.2389,2.4397852,-0.15456717,3.70229,-0.74805856
22.8,18.047699,12.85,11.467865,1013.13745,1009.239,3.522627,-0.31912434,2.2412672,-2.146112
24.07,19.469208,11.18,9.7213745,1014.5631,1009.83374,3.013273,0.30918095,4.555004,-0.029299164
23.81,19.726349,10.79,9.552429,1009.7224,1003.12415,5.181566,-0.1948233,2.3506598,-2.5567594
20.06,17.308472,12.36,10.276764,1005.633,1002.1516,5.94648,-1.5101103,-1.5459149,-8.083556
17.53,16.324707,12.34,10.918701,1012.30505,1005.4814,9.709469,0.16671644,2.0483232,-6.486445
16.56,14.156403,6.69,6.356537,1015.4143,1008.37634,3.4184463,-3.6169765,0.6388517,-4.137104
15.46,15.361755,10.34,8.00708,1007.8962,994.56134,4.75735,-3.9421258,0.732444,-13.393737
15.25,15.204529,8.44,9.865814,1005.6831,994.91156,10.37805,3.032011,0.75095487,-7.318572
19.58,15.93045,9.73,8.5686035,1013.34784,1005.6699,6.7519083,2.3965936,1.3550243,-5.6859374
19.91,16.447815,11.08,9.543304,1014.6219,1012.1078,3.470033,-2.0021558,3.7960722,-2.3671303
18.89,17.434967,8.74,8.432465,1013.7043,1012.2864,4.0561647,0.94400126,6.271115,1.1224493
22.35,18.82309,9.78,9.851685,1012.3109,1006.3058,3.3490734,-0.96303606,3.758876,-0.21721403
15.8,15.651154,10.52,8.462402,1010.7056,1006.34467,6.203849,0.2523102,3.7230666,-2.0792174
15.32,13.204498,9.21,7.489044,1016.97064,1010.2673,3.5255146,-0.32335553,8.769501,0.9404862
21.1,16.967712,10.69,7.941345,1017.9621,1014.36597,0.8549156,-0.61713904,6.5467925,2.9879177
21.84,16.628601,10.71,7.716461,1014.06244,1007.4025,3.6550965,-0.99658936,4.7217903,-0.23222396
13.88,13.229126,8.09,7.318115,1007.6757,1004.5496,4.1152725,0.86042124,1.5094713,-6.8911095
17.75,14.656586,10.69,10.146362,1016.08374,1004.3454,2.1857114,-1.8083315,-1.7556401,-6.461644
17.63,16.905243,9.16,7.0755615,1016.5843,1012.3714,3.225648,-1.2999645,3.9540348,-1.5303295
17.99,15.088196,10.54,8.338989,1013.5637,1011.3477,3.4976819,-0.5629445,1.7862046,-4.8458877
15.77,13.868164,11.64,9.659668,1012.41565,1004.7338,6.462261,-1.8930178,4.0257525,-6.857693
14.29,12.916962,8.02,5.1184998,1017.4485,1013.05054,3.2346864,0.31409794,6.4417114,0.5645401
17.39,14.332092,8.12,6.2886047,1018.3448,1015.18915,1.9128429,0.5800836,4.4800224,1.160364
18.08,14.55661,9.11,6.4424744,1019.0173,1017.1749,3.7288904,-1.4340632,2.3235016,-3.1227093
16.32,15.065887,10.08,8.849701,1017.622,1014.0538,3.8690352,-1.1304468,0.5819827,-1.8274164
18.84,16.5372,12,11.08609,1014.63306,1012.0107,2.8630216,-0.24558294,3.7412138,-0.89677244
20.63,18.532349,11.39,10.792908,1012.1836,1009.22516,3.2742062,0.43404123,6.188608,1.4178492
20.65,18.365295,9.95,9.375,1011.4515,1009.136,4.2552443,-0.3166724,3.2985058,0.86315
17.25,18.262756,10.74,10.8394165,1011.6108,1008.0119,3.872559,-0.09396765,4.6455417,1.0964252
16.01,18.031738,12.19,10.569244,1009.1785,1006.20374,2.9455464,-2.057366,4.801928,-0.040973913
16.58,14.750122,11.76,10.978027,1011.61475,1007.6397,4.2632527,0.1609855,0.7464267,-2.849666
16.32,13.684814,9.88,7.690857,1012.6118,1007.11694,3.0138261,-0.7959894,-0.012522186,-3.9290702
15.91,13.419495,10.54,8.095612,1007.26416,1001.1163,0.6566235,-1.9311607,-1.3135982,-5.3893127
15.32,13.4721985,10.81,10.163055,1003.4063,1001.4627,-0.8186256,-4.6284723,-2.4540768,-8.56275
15.77,14.803619,12.17,11.970154,1003.9118,1002.7064,3.2971094,-5.0697384,-3.632001,-9.570775
17.91,14.174072,11.18,10.232269,1005.47516,1001.0854,5.9305716,-2.5130894,-1.9261739,-9.09677
13.21,10.782196,10.34,8.337158,1007.21216,1004.5153,2.137922,-4.6842575,5.0153584,-3.0503507
14.31,13.174744,8.89,8.089844,1014.9423,1007.28394,2.7557185,-0.5480859,5.643649,-1.6173817
11.81,10.983887,7.12,5.927765,1015.491,1011.56396,3.0967093,-1.9424393,0.76053566,-8.926953
15.49,14.044922,10.15,10.104004,1011.47955,1005.99994,5.857863,-3.297711,-3.7761073,-10.309432
17.89,14.653748,13.64,12.967987,1011.26874,1004.7903,5.6480274,0.66052884,-3.3294601,-8.770032
15.49,16.184418,12.82,11.975891,1011.79205,1005.906,2.9629574,-0.7340291,-2.6981874,-6.3015513
16.32,13.684845,10,9.799591,1009.30884,1001.2532,4.7258987,-1.3684427,3.8777282,-7.8049
13.79,12.548218,9.31,7.9888,1011.06445,1009.739,2.5787783,-0.84889525,-1.4271353,-6.5242314
16.27,13.738922,11.37,9.679077,1011.79706,1009.1346,3.0116043,-2.2618704,-2.0646212,-5.5159492
15.63,13.991669,10.79,9.623199,1011.88904,1006.0881,-0.008077188,-3.227448,-0.71221364,-5.5062237
12.99,13.014008,10.98,10.821991,1006.1957,999.2732,-0.12602483,-4.105234,-4.726548,-11.616905
15.25,12.80603,9.98,9.0381775,1005.0104,994.19775,5.5697865,-2.1684377,1.299184,-9.346464
11.13,10.811127,8.89,7.753418,1009.31116,1005.668,1.1161172,-2.1282399,4.4659963,-2.8351414
13.67,11.313599,8.32,6.703369,1011.75256,1008.41583,4.57723,0.2345811,3.2069411,-2.452856
11.22,10.602142,9.24,6.0165405,1011.1392,1004.36017,1.2291498,-4.9488983,-1.6535957,-11.635532
14.55,12.534607,7.42,6.8372498,1013.49927,1005.6447,2.555953,0.35391435,-1.3389901,-5.1775746
11.39,11.113251,10.27,8.424286,1015.95483,1013.5481,1.5698895,-2.718385,-1.9886166,-7.806528
16.37,13.273224,10.59,9.550659,1015.9986,1011.9744,1.3276958,-2.5036528,-1.1882974,-3.6988697
12.15,11.84671,9.73,7.8536377,1012.27765,1007.9193,1.0700389,-2.7642305,-1.9320592,-9.040566
14.51,14.147369,11.81,11.663391,1007.71967,1000.9289,6.5956206,-2.815722,-1.3819332,-11.168136
13.59,11.453522,10.86,9.381622,1010.6747,1006.334,1.9882799,-5.2437816,-1.5548626,-5.2713804
13.74,13.156372,11.61,10.870361,1007.89624,1003.11255,-0.039363094,-3.6431193,-6.1398187,-9.073807
12.9,13.319,11.81,11.489197,1002.87836,999.35803,3.5349023,-2.6253877,0.22559266,-10.136588
15.72,13.267242,11.49,10.80014,999.9881,998.39026,6.7842255,-3.3998985,-4.463143,-12.890289
14.12,11.009033,9.63,8.153412,1005.1407,1000.0235,7.2692876,2.561885,-0.045614906,-7.2352552
13.06,9.741119,7.17,5.688019,1019.76263,1005.0131,4.8482676,0.5840322,3.7810216,-2.1956456
10.98,9.506775,5.69,3.9379883,1023.20386,1019.139,1.8828961,-0.5148626,5.492717,0.762116
12.92,11.269226,7.09,4.4830933,1021.4222,1018.8804,2.0964313,-0.24790622,4.1542416,1.6271045
11.59,11.361694,6.59,4.755707,1019.31946,1011.2734,1.2810148,0.09640531,3.8661082,1.5671066
12.9,12.699036,6.18,5.559265,1011.0552,1006.4557,2.0320892,-0.9492439,3.3803215,-1.2292124
12.03,11.167694,8.79,6.0843506,1012.796,1008.17944,4.2945347,-0.7072055,1.6570032,-4.560485
13.4,10.284393,8.34,6.6087646,1023.541,1013.5064,6.044602,1.6943396,3.4514682,-0.97294897
10.74,9.628265,5.92,3.857483,1024.1069,1017.2028,1.6808913,-0.099674545,4.1949034,0.91052336
10.86,10.752228,5.26,4.483673,1016.5692,1007.59735,1.7786573,-1.222094,1.3708607,-7.931477
16.34,12.941803,10.05,9.843323,1010.9573,1006.2236,5.448684,-1.1243185,-1.3431325,-8.262412
12.19,10.689667,7.97,7.272461,1011.6943,1010.15155,1.2105488,-2.5549836,1.6504836,-3.6657774
14.72,11.705994,9.24,7.6114197,1011.5793,1006.2475,2.098444,-5.0491357,-1.657844,-8.369983
12.56,11.010162,8.64,6.906555,1014.9959,1010.0555,2.8453944,-0.94187355,-1.3219548,-5.1881747
12.94,10.646698,9.24,6.91098,1016.8107,1011.96606,0.20603968,-3.4353538,-1.1890233,-3.5958385
11.44,10.284607,8.92,7.027069,1011.87585,1006.7364,-0.62622535,-4.446795,-1.1268569,-6.975273
12.75,11.142639,10.03,9.783081,1006.85864,999.8567,-1.5761167,-5.319162,-2.034194,-6.678984
15.08,11.664093,10.34,10.165619,1002.3592,998.20514,0.53130317,-6.8494525,-3.4026537,-11.731632
13.64,11.093201,10.34,9.202637,1005.00256,1002.6135,-0.99338275,-8.598127,-2.4609659,-9.297053
12.39,10.881561,10.37,9.496307,1011.75397,1002.7801,3.595823,-10.634865,-3.4288251,-13.290069
14.98,11.374268,9.58,8.318939,1016.8805,1012.4268,4.7753625,-1.7413365,-0.44347525,-6.3525257
12.9,12.401611,9.76,9.419098,1015.53516,1006.44775,6.907163,-2.232506,-0.18522094,-8.859777
11.9,10.783539,7.37,7.1442566,1009.34576,1002.4347,9.685482,4.2513876,2.623402,-5.078056
12.27,11.126007,6,3.9476013,1013.0544,1003.1692,6.4921308,-0.85571986,2.1914914,-9.457843
13.33,12.911346,9.88,8.64682,1006.4997,998.2752,8.709389,-3.3910434,-0.58186793,-7.647978
13.47,12.88028,8.89,8.790558,998.581,983.62274,11.668986,3.647168,0.57640314,-10.220836
11,8.9079895,7.12,4.9477234,1011.93665,986.14294,5.377542,2.04622,6.1699085,-2.3697224
10.66,8.39212,5.41,3.7308655,1014.4535,1012.0041,3.1920915,1.3197396,1.403315,-1.4784791
12.29,11.548676,8.39,7.105774,1013.47034,1005.1526,7.872047,0.16490163,-0.0070174052,-6.053912
12.94,11.678497,10.93,10.066101,1006.8499,999.5379,7.2051654,-0.9828548,0.8751626,-4.8275843
12.87,10.501892,7.02,5.072052,1011.74664,1001.20654,5.3336177,1.3467238,1.8191127,-0.6268922
9.66,7.9599915,7.14,5.212921,1012.38635,1002.243,3.6042235,-5.1027303,-0.5040894,-9.886864
11.66,10.601868,9.01,7.96521,1001.48846,996.88086,5.459456,-2.276563,0.59820926,-9.450693
14.05,9.423798,6.46,6.7790833,1008.71924,1001.09906,6.4806657,2.116484,-0.055519376,-3.5590322
12.05,9.528381,5.26,5.2716675,1015.12915,1009.2383,4.943907,0.10305273,1.0515645,-2.3373706
10.05,9.168854,7.04,4.7571106,1013.969,1005.08624,0.4953353,-1.9005507,-2.172721,-10.340427
10.93,10.13797,9.56,8.757141,1004.8778,992.76447,2.9068127,-4.3117065,-4.6850066,-16.505678
12.65,11.81192,9.9,9.011017,999.40717,986.8155,10.893746,-6.219828,-5.4091897,-18.138382
10.76,9.573242,6.94,6.642914,1007.63727,997.0366,9.047194,-0.84603393,0.7140372,-10.283578
9.85,9.887329,5.8,5.2671204,1015.81055,1005.5323,4.060772,-2.901094,-0.21605286,-11.992833
12.8,11.979645,10.79,9.527222,1006.3764,1002.69836,8.188212,-3.4503422,-2.7871606,-13.155108
12.32,11.748627,8.07,6.933319,1007.6961,1001.6925,8.751505,0.4317701,1.8582058,-4.3951497
8.42,7.8870544,4.92,4.7659607,1018.9328,1007.724,6.152949,2.0131366,2.4184315,-1.4431611
10.76,7.2560425,3.51,2.6661987,1025.811,1019.85864,3.551769,-0.14981897,3.9768791,1.3487172
9.04,7.6738586,5.13,3.2270203,1025.8728,1018.83545,0.69410896,-0.31022158,6.3657928,2.2530298
11.08,8.719177,5.23,2.5633545,1018.83734,1017.1477,0.49265733,-1.243865,5.031012,2.1030633
9.71,8.525116,5.15,1.8609314,1019.68054,1015.188,0.9972911,-2.1127117,3.908969,0.89751136
10.17,8.454498,3.98,1.6792908,1015.25104,1013.70056,0.24723548,-3.859631,2.366053,-2.1623163
10.12,8.4096985,6.56,2.473755,1015.04,1012.7199,0.739644,-3.7744946,-2.4357035,-4.877345
10.39,8.827698,8.69,6.7465515,1012.4828,1004.23737,-0.6531074,-4.3910446,-3.5384161,-11.508508
11,8.961548,6.69,4.7917786,1007.1197,995.98755,5.5567136,-3.5652144,1.5768907,-14.351386
9.39,8.720093,6.46,3.72995,1007.44366,1001.8627,1.9947495,-5.4229727,-0.54132444,-4.0624046
8.79,8.835358,6.48,4.0615845,1003.59235,999.86206,3.72107,-2.6538777,1.4764373,-8.108647
10.17,9.460846,6.48,5.3923035,1004.7615,995.8569,8.708883,-2.015183,1.5048168,-14.234458
10.64,7.4726562,4.35,4.028412,1014.56195,1004.8111,8.946044,3.970224,4.649605,-0.9633179
10.25,6.6180115,3.54,1.9699707,1026.9335,1015.1775,5.382071,-0.86406827,4.195645,0.76551974
8.02,6.3062134,3.01,1.3240662,1027.1022,1023.625,0.93084997,-0.89886653,3.0895455,1.0414736
7.02,6.937744,3.85,0.9477234,1023.73334,1016.37634,1.3667289,0.114483796,4.323696,0.99216926
9.83,8.307129,3.75,1.7008362,1016.34,1007.54724,0.30141687,-2.2586136,2.7783241,-5.539427
10.3,8.5607605,6.99,6.343933,1008.2099,1002.4446,3.8490624,-3.9286046,-1.4803824,-7.4768085
9.63,8.637268,5.69,5.267395,1010.3926,1001.99164,8.432327,-0.43215632,-0.2696531,-10.18054
11.03,10.127716,6.36,5.9638367,1010.4168,1006.95404,10.482397,3.2691233,-3.1968052,-8.979355
10.81,10.459106,10,9.528351,1010.0662,1008.9571,7.9584694,2.0267692,-2.588169,-8.978655
10.44,9.754425,9.83,8.682617,1011.67053,1009.6078,3.471464,-1.813446,-3.891478,-7.1590896
10,9.386932,9.09,8.341064,1010.725,1001.2386,-1.0608578,-3.5545034,-5.91644,-11.371357
12.17,10.462097,8.49,7.7958374,1006.81274,999.5203,3.2444673,-3.0770202,1.5011526,-10.160608
12.15,10.236542,7.52,7.1202087,1007.20825,999.4668,6.9519873,-1.3585166,-1.6547794,-13.08481
9.53,9.144043,7.07,5.8043823,1006.12146,992.668,5.1195784,-1.5349979,-2.139253,-8.047901
10.49,8.294525,6.81,5.777191,1008.49365,993.6584,12.109699,0.9362687,2.510986,-11.728243
8.92,8.314636,6.81,5.357025,1013.43225,1008.93353,8.354585,3.9456232,2.1458385,-5.860541
9.36,8.574646,3.64,3.6815796,1009.5792,1007.74115,5.9742537,-0.54196984,4.270418,-3.272826
11,8.385193,5.69,3.9856567,1014.1666,1008.5204,5.4096947,1.0206558,-0.57367647,-1.7625569
9.56,8.6658325,6.03,4.7800903,1015.07544,1012.9606,2.5479982,-1.2109588,-1.4571507,-7.098272
10.39,9.272278,7.49,5.991333,1014.3928,1010.40674,6.018189,-0.07924901,-0.40885118,-8.093667
10.34,8.452789,6.81,5.0236206,1015.257,1006.70685,6.9496217,0.2801393,1.5182122,-7.326733
10.25,8.170441,4.4,4.8906555,1018.467,1007.48096,5.6212964,1.6302737,3.446028,-2.6280966
10.47,8.109314,4.35,3.182129,1025.0897,1019.2405,4.3914557,-1.128456,1.8384846,-3.5518422
8.72,8.060699,6.71,4.386078,1024.4712,1013.39514,1.0403237,-0.9395781,-1.947266,-7.479195
10.86,9.59787,8.42,7.7809143,1013.45593,1011.75214,3.718604,-0.99857306,-2.7625074,-8.160909
11.44,9.426636,8.89,6.455475,1012.50665,1009.67847,4.926912,-2.7403185,-0.14185078,-4.9595375
11.56,10.232178,9.83,8.562012,1009.47064,1005.74805,1.9988186,-2.1101286,-3.477298,-7.57258
11.18,10.28006,8,5.876648,1011.6289,1006.20337,5.9481435,-1.253893,1.4995043,-8.637291
12.58,8.674347,5.46,3.395874,1018.2859,1011.9175,3.882819,1.3998297,0.8104034,-2.2969444
8.24,7.281891,4.53,2.5631409,1017.25165,1007.2897,2.5828757,-0.88197505,5.8218684,0.41344702
10.52,7.2825623,4.32,2.197174,1018.4471,1010.0112,3.8127537,0.45351082,4.0611653,-0.1815677
11.66,7.8146973,4.64,3.2537842,1028.78,1018.4254,4.453724,1.64025,4.6788683,1.1588696
10.96,8.100159,4.53,3.0596313,1029.3473,1027.8774,5.246241,0.6718125,3.5960536,-0.112528056
9.68,8.731293,4.87,2.3352966,1028.7988,1020.13654,1.6113575,-0.27828503,3.3840733,-1.1979713
8.14,7.9232483,4.69,3.1092834,1019.76086,1008.07587,2.420301,0.042529225,1.1613364,-5.2946153
10.1,8.461182,5.08,4.398651,1018.26843,1005.948,7.0194273,1.9224625,3.4087396,-6.568274
9.61,7.383026,2.4,1.7947693,1024.4741,1019.13135,2.2666616,-3.454301,1.2524189,-4.0574484
8.97,8.821655,5.62,3.1747742,1022.43164,1016.3576,1.78372,-0.24443176,-1.6345204,-6.635472
11.42,10.723846,7.95,7.0630493,1019.7033,1014.44135,4.800005,0.19936334,1.7058973,-7.1254654
9.76,8.737183,4.4,2.6906433,1022.45197,1016.90906,3.7549553,-1.1025048,3.9580064,0.8801808
11.08,11.605957,5.28,3.2433167,1016.5617,1001.8425,1.081474,-1.2516984,3.1010756,-5.6863503
12.1,10.025909,9.21,7.839569,1006.859,999.93384,8.303165,-0.9970798,-3.8887858,-11.483731
10.86,8.353302,6.46,5.6032715,1010.2502,1006.98584,5.938289,1.488201,-0.08093324,-8.098007
10.25,8.108398,4.22,3.3673706,1018.20233,1010.80365,6.6189713,1.9742141,1.8675827,-1.7566121
9.76,7.944397,4.43,3.199768,1024.5088,1018.531,4.123017,0.12196285,3.7246165,0.21824361
9.11,7.1990356,3.51,1.2051086,1025.293,1023.38654,3.057366,0.12130341,4.968477,1.4939976
11.05,9.869934,4.58,2.1402588,1025.3519,1023.4013,3.0402794,0.41126364,4.065577,1.1723926
10.42,8.977814,5.82,3.184723,1025.0953,1019.68365,1.3529416,0.19638517,5.455016,1.9942145
12.75,11.466949,5.31,3.455841,1019.43005,1016.5452,3.246524,0.42630905,5.36993,0.51159745
11.49,7.991638,5.69,3.5662231,1018.13556,1015.96765,3.4492712,-0.14878069,1.972944,-1.4769506
10.22,8.606232,6.31,3.762085,1018.2219,1010.78845,1.8969883,-1.7095786,-0.018846588,-3.5598614
9.29,8.583801,7.44,5.6853943,1010.51404,994.76135,0.13808905,-5.3075323,-1.9290855,-12.763443
12.63,9.701233,8.09,8.328339,995.8521,985.21124,12.801421,-4.339485,-6.45352,-14.875425
11.42,10.436829,6.48,7.63089,998.2491,992.8295,12.862591,-0.39579645,-3.2371264,-7.727118
11.86,9.442871,5.8,6.876068,997.5032,993.3339,6.565057,-0.8425625,-2.4904037,-6.387235
9.26,9.173492,5.21,4.205658,1002.8762,997.61993,3.3743513,-0.7275738,1.8293428,-4.0528665
12.56,7.514282,4.77,2.3813782,1012.3846,1002.9389,3.0792727,-3.2625067,2.8479426,-3.048772
11.22,7.49234,6.1,5.471649,1009.5954,992.58185,3.3268774,-9.148531,4.7161465,-1.7141657
10.12,7.0908813,5.95,3.113617,1011.57404,994.32416,6.8696194,2.1320786,6.490895,0.51703995
11.78,6.68219,2.58,1.339386,1014.1555,1011.62634,4.2267594,1.2469872,3.2204514,-0.10846876
7.52,7.5953064,4.77,1.5323486,1014.3752,1002.11487,7.5493274,0.70518595,0.47837117,-6.1700196
8.79,7.8663025,5.26,4.247162,1002.00037,996.19135,12.17294,4.2535815,0.8606701,-6.7232533
10.47,8.073242,3.67,2.7271118,1010.29333,997.2737,7.65254,0.5753469,5.7741466,-3.3396347
8.74,9.728882,7.07,4.3988953,1010.2472,995.6205,5.1045403,-3.6295002,-1.5626093,-12.600089
11.76,9.390167,7.44,5.9278564,1009.2018,999.7385,4.9677644,-2.8022425,-2.108269,-5.5828724
11.52,10.748383,8.39,6.8771973,1007.6384,1003.5938,2.5593498,-10.27434,-0.059737332,-9.314153
12.85,10.940308,9.78,8.596313,1008.0117,1003.2645,3.828142,-3.5720448,-1.9132711,-7.246292
11.27,9.306061,7.32,6.9540405,1014.1468,1007.5861,2.9487915,0.19998385,2.2060404,-4.0171494
11.15,9.81369,6.81,5.7082825,1017.3688,1014.4328,2.5616434,-1.4237579,4.0514703,-0.079238206
14.31,11.462494,5.82,4.540161,1017.31726,1012.4032,2.5032582,-0.92821175,2.8960361,0.4889214
12.12,9.183929,5.33,3.417694,1012.7223,1009.0475,2.7522142,-2.3796651,1.2588698,-3.139892
11.61,9.366211,7.34,5.2289734,1010.0121,1007.8042,0.5700148,-3.6248088,-1.2813259,-8.511102
13.31,9.485107,8.05,7.732483,1007.83154,1003.89185,4.2170663,-7.6899767,-2.2971292,-10.250537
15.15,10.877869,7.77,6.9417114,1014.9995,1007.38135,0.9736589,-6.5138035,3.5435643,-6.509494
13.21,11.205933,5.69,4.1542664,1021.8854,1015.6021,2.4182496,-1.3569818,3.0059729,-3.4981916
10.79,8.566956,8.59,5.1635437,1022.4246,1017.67993,1.0371484,-2.3416798,-1.8593924,-8.429224
15.34,10.685608,7.57,6.8594666,1017.93304,1010.80786,3.8575249,-3.121135,-0.38058683,-10.161674
9.68,9.478455,6.79,3.5543518,1010.77966,1001.5197,4.0502934,-2.909369,1.9069194,-10.27069
9.8,7.2315063,6.91,5.022583,1002.6292,986.6777,2.6462202,-1.5312629,5.3421593,-1.0292542
9.93,8.358734,4.69,3.9707947,999.6983,982.35736,8.79572,0.23241824,2.928802,-9.988237
12.22,9.047089,4.4,3.0959473,1017.503,1000.9969,7.4797354,1.3076205,0.36058727,-1.8995843
10.49,9.079193,6.41,5.3888855,1018.1766,1011.8964,7.050667,1.270224,-2.0433342,-5.16888
11.27,10.325531,8.49,7.6331177,1014.1206,1010.56116,5.8694663,2.7638392,-1.9257417,-5.177103
12.61,10.384979,9.41,8.425018,1014.4868,1008.1985,6.4778295,0.5862803,-3.867586,-6.8207173
12.61,9.635315,7.49,7.026123,1010.4966,1007.9922,6.677168,1.2868339,-2.238653,-5.2789826
12.75,10.125519,6.48,5.636383,1013.9547,1010.71094,5.7576127,1.2885704,-0.23779175,-4.183103
14.46,10.026764,5.05,3.658081,1021.4285,1014.27454,5.4896264,0.9504185,1.9118248,-1.8016053
12.9,9.84494,5.62,3.602295,1024.8148,1021.6852,4.1364064,-0.75733817,3.0340652,-0.597041
15.84,12.64151,6.31,4.289673,1022.91736,1008.9113,2.8519478,0.29148403,6.428454,0.13064046
11.35,11.948608,6.59,5.8647156,1014.51025,1008.5941,5.5022106,1.0334053,0.103102416,-6.796393
11.22,10.340942,9.46,9.288086,1014.8516,1011.4305,4.7505155,-0.77499646,-4.9980373,-9.004518
15.58,13.889008,9.73,9.7309265,1011.3978,1002.71844,0.8793591,-2.7345858,-3.543125,-8.301715
11.42,10.509766,6.81,5.55365,1014.63806,998.786,7.220592,-2.778359,4.6188703,-12.04272
11.78,8.870331,4.06,2.6499023,1018.75,1015.54205,5.9543047,0.28881747,0.9351391,-4.376102
14.03,10.170563,5.87,4.1305237,1018.1763,1015.6584,6.356132,1.0135514,-0.3365876,-4.3548164
15.65,10.726715,6.56,5.267578,1018.12555,1012.51013,3.7151263,0.16529228,0.55205053,-3.8216946
12.49,10.172546,5.36,4.2997437,1012.55646,999.4936,2.8149407,-2.6685207,0.96204114,-9.553839
12.82,9.176849,6.59,6.1410522,1009.82666,998.83966,7.0938787,-1.2992721,4.2881093,-9.553552
10.25,9.466919,5.97,3.9238281,1010.9651,994.8425,6.4258056,-6.43556,8.999415,-11.410891
11.9,9.39621,5.41,3.274475,1018.94977,1003.1193,7.5621033,1.3653312,7.7550416,1.3360603
11.66,9.416412,7.09,4.423767,1019.2976,1016.28674,8.116854,2.439128,1.3644801,-2.514807
10.86,10.298737,7.84,5.906494,1016.468,1013.18,7.0536366,3.1738944,1.9872817,-4.814267
12.05,9.536041,5.67,2.9233398,1022.96765,1011.7201,4.823389,-0.88253653,8.568451,1.3259315
14.74,10.383545,4.48,1.7184448,1023.6,1018.8346,4.8229265,-2.3581808,3.0164762,-1.4738365
16.27,12.569824,6.13,3.733307,1018.6326,1010.81464,4.538702,0.19528845,5.379863,0.12691116
15.2,11.947418,6.43,4.6198425,1015.8279,1010.4738,4.7922764,-0.39716902,3.7867866,-0.57351804
18.22,12.738831,7.95,6.076782,1016.2997,1011.7776,4.1292195,-1.2855458,1.3630266,-1.219472
14.24,10.465485,7.69,5.6412964,1015.0197,1010.71295,5.097323,-0.22976805,0.9419687,-5.898165
14.77,11.429169,9.53,8.489502,1015.40466,1010.8348,2.3111303,0.07039079,-1.3946482,-6.0214543
17.72,11.856995,7.64,5.0778503,1010.64014,1006.5809,4.045209,-0.966133,-0.1641592,-6.7465467
11.44,10.3706665,8.02,6.9171753,1006.57416,997.9366,7.1320763,1.2956929,1.6924722,-9.734365
11.88,8.7447815,4.66,3.7406006,1014.5042,1000.9743,7.1929517,2.4703076,4.6027017,-2.9500823
13.14,10.344849,6.81,5.086609,1015.2386,1014.20294,7.361311,2.8188405,-1.4006168,-4.3297424
12.97,11.236084,7.79,7.038269,1018.4125,1013.61755,7.725201,3.0068395,1.7426319,-3.096094
15.22,11.954163,6.46,3.3402405,1022.27704,1017.6255,4.8877597,-1.0260277,2.5962992,-2.8696198
11.54,10.488556,8.09,5.472534,1021.9799,1016.97736,3.4199474,0.112997785,0.51371104,-4.791231
20.06,16.685669,10.03,9.018982,1017.32916,1008.5614,3.998282,-1.1129003,3.2385101,-1.7870101
14.65,11.103729,9.51,8.779297,1012.587,1006.66034,4.7282867,0.40603593,1.7773037,-4.860945
13.62,11.572876,5.08,3.0408325,1016.52344,1013.3315,4.943195,1.4604731,2.8118944,-4.9495673
14.19,11.023102,5.85,3.276886,1018.7668,1014.1395,7.2986765,0.4367778,3.9679854,-2.2648802
14.51,10.163086,6.56,4.986969,1014.22375,1008.9381,7.4760737,2.4883204,3.315262,-2.9534183
13.02,12.24408,7.92,5.7660217,1013.4803,1003.0266,10.768588,1.2822341,-2.107333,-6.6661496
10.74,11.855194,8.69,8.389282,1008.3231,1000.74664,10.615204,4.404793,0.25778475,-5.3733053
11.35,11.438995,9.34,9.401215,1011.0977,1006.3773,8.522231,3.3145006,-3.039002,-9.105879
19.82,12.551971,10.44,9.666595,1015.3295,1010.7898,6.0488315,0.6580312,-2.643439,-4.9646306
18.98,14.141541,8.44,5.3869934,1016.46704,1014.47095,3.830154,-2.1774511,-0.6459089,-3.5898283
13.59,11.54071,9.26,7.217743,1017.1128,1012.3575,6.917787,-0.60018635,4.28498,-4.4513216
16.34,14.098114,6.76,3.842804,1022.2901,1016.6396,4.6368604,-2.1464725,8.082117,2.2959545
22.92,18.763977,8.57,6.0091553,1016.52985,1007.78534,0.105556294,-4.2708664,5.067699,0.45472932
16.15,13.476074,10.1,7.8563538,1010.257,1006.9246,4.336491,-2.243917,1.5104645,-7.711229
11.86,12.742706,9.31,8.497925,1010.6715,1003.6111,2.8839989,-3.4155254,-3.3299642,-8.396131
14.1,11.665955,7.67,7.631256,1006.20435,996.10333,10.240758,-1.7690871,3.7761273,-7.903109
11.37,11.765198,5.64,3.9660645,1020.32623,1007.6632,7.4632607,1.6098022,2.9671023,-2.3518462
15.91,14.027588,6.48,4.5487976,1022.40594,1017.295,3.0132,-2.7979221,4.294403,-0.89773726
17.65,14.715698,7.74,5.6874084,1017.19916,1013.52704,5.930702,0.20911106,3.0647178,-0.31766438
14.15,13.627563,9.19,8.816772,1014.6096,1013.2464,4.1937857,-0.65242356,1.3068421,-4.361674
19.1,15.969971,8.79,6.815857,1016.7241,1013.9446,2.7977958,-0.25085843,5.0915327,-0.36008635
20.32,16.508575,8.57,6.4656677,1013.81775,1006.70624,5.055516,-2.0184872,2.359866,-3.5180004
16.56,12.599548,7.49,6.2905273,1015.5912,1005.5989,5.912229,-1.272921,3.6471436,-9.83796
18.1,14.050598,6.31,3.7568054,1015.8487,1010.9816,3.1863492,-0.19103204,5.0034633,0.17294858
12.97,11.633026,9.46,5.9969482,1012.31213,1010.4429,2.7587283,-0.28459528,3.7105784,0.3543406
15.39,12.778412,9.85,6.3457336,1010.98944,1008.9567,8.48544,0.7906267,2.7625904,-4.9382157
11.66,10.422546,5.74,6.6672363,1009.8922,1000.8601,8.266641,4.719521,0.5272523,-6.2795973
15.34,12.219543,5.41,5.145996,1021.71436,999.6967,5.6503067,0.32129186,5.7446976,-2.6109893
17.15,12.635742,5.02,2.9429932,1023.9989,1018.6368,4.9661355,-0.050932568,2.8002505,-1.1598811
14.79,13.341644,8.99,6.216339,1018.5785,1011.8289,6.7499976,-1.6969148,2.0792637,-5.969435
18.39,14.312958,9.68,7.256378,1015.9854,1013.1043,6.07805,2.3663917,2.595298,-0.67598116
19.39,15.24234,8.39,6.6362,1015.56305,1013.0364,6.5611334,1.4023682,3.3069382,0.5654577
12.27,11.76181,8.87,8.104401,1013.79016,1010.6599,6.614574,2.8988173,1.8891063,-4.5631046
12.99,11.608276,11.32,10.338776,1010.72406,1007.30804,6.4456635,3.3575537,0.2429318,-4.622361
19.22,14.523712,10.3,8.009857,1014.1242,1008.4457,6.4239917,3.0870736,1.9156125,-1.1429753
16.58,12.565704,9.98,6.797394,1014.76245,1008.8223,5.7339473,0.5238876,0.031954337,-5.5786905
19.7,15.0546875,11.83,10.438202,1009.08875,1005.6841,5.573186,1.1858647,-1.8270944,-7.0319924
17.32,12.973511,8.79,8.756073,1013.1365,1005.5428,6.298866,1.8500916,1.9112659,-7.99905
16.63,13.637329,6.56,4.816681,1013.301,1009.80237,6.738957,-1.2301997,2.9719102,0.0804566
16.65,12.689301,7.14,5.6519775,1017.0268,1010.73627,5.223741,-0.21454336,3.4675891,-2.2433991
12.87,12.344788,10.47,6.620941,1017.4606,1012.32404,5.420408,0.7936107,-0.6680465,-6.0748253
16.99,14.756531,9.58,7.0438232,1013.1814,1011.2043,6.7726326,1.3863232,2.3450146,-1.202393
16.25,14.345032,8.42,5.4988403,1012.9931,1007.7324,5.0435295,-0.88257915,2.09451,-3.6955786
14.53,12.269379,9.95,7.858612,1012.5028,1002.7844,8.23594,-1.1455458,4.157776,-9.201186
18.03,12.514435,6.05,4.2638855,1017.3608,1013.07153,5.615197,-0.82980454,3.9446461,0.5317021
18.51,15.901337,8.74,6.8053894,1017.19244,1015.39154,5.3205557,0.5172969,5.717115,2.5495222
18.77,15.485382,7.27,6.083679,1018.59814,1014.98865,5.3019905,0.4450445,3.121534,1.1780508
22.85,19.08194,10.25,7.688507,1018.42017,1016.4521,4.6870184,0.10954575,4.1990805,1.1254681
23.14,20.669037,11.37,10.697815,1016.80396,1007.8926,3.2749047,0.010893873,8.011824,1.5502646
21.01,20.30603,13.31,11.760284,1012.598,1004.37524,5.91408,-1.0161588,6.3392577,-3.421711
24.15,20.434143,11.2,9.379822,1016.98413,1011.92365,4.585222,-0.18092707,5.3167253,1.0514579
25.57,20.366058,12.19,9.9062195,1015.8679,1009.7318,5.1719227,0.46243382,6.95635,1.5719328
20.03,17.002502,9.78,9.653961,1009.8285,1002.97156,5.85215,0.33565104,2.6298218,-3.2675138
13.47,13.662231,9.29,10.0997925,1002.70953,994.91736,9.209893,-1.9892058,-0.9824797,-10.133931
15.1,13.41507,9.31,9.132538,1008.51874,995.09143,8.80962,3.9805725,3.717013,-5.644456
16.7,14.392059,10.47,8.393341,1013.981,1008.84357,5.464075,-3.1245787,3.8029401,-1.6680207
19.41,13.315094,8.14,5.6765137,1015.5023,1012.75867,5.310351,-1.7224628,2.7427669,-2.490938
20.34,16.205017,9.01,8.040955,1015.4991,1013.33704,5.7513585,-0.2955911,4.6217074,0.7216012
26.18,20.450653,10.27,8.876587,1013.425,1007.95276,3.4368293,-0.3989129,5.809343,1.2321645
22.68,19.280304,11.64,11.139008,1010.36084,1006.99805,1.9787889,-1.8185747,4.2625427,-7.4410644
20.6,18.572906,12.77,11.028931,1011.77875,1010.2634,4.966316,-2.3081205,1.1137768,-3.4753733
22.78,18.574066,10.61,9.436035,1013.69586,1010.9367,5.786882,0.72807395,4.338633,-0.33620667
24.87,18.198242,11.03,9.502136,1013.2815,1011.34283,4.539808,0.87796676,4.867111,1.5768256
22.37,18.506989,10.2,8.387695,1014.711,1011.274,5.02425,0.6682651,5.24125,1.399707
24.27,20.20929,11.64,9.835663,1013.83514,1006.78186,3.9047918,-2.1088727,4.3312383,-1.5704074
20.27,18.335358,10.98,10.579041,1012.51196,1005.12006,6.807497,-2.9982452,1.9942031,-0.95248705
21.99,17.324188,9.76,9.11615,1016.2333,1012.3972,6.0582733,0.1332135,1.3062454,-3.963814
22.06,17.970306,14.03,11.612213,1015.68585,1013.93866,5.964841,0.08242151,1.754245,-2.5802999
21.84,15.28717,10.76,9.213196,1014.9952,1011.6168,4.7266736,-0.17730205,0.84567124,-4.1371245
19.53,16.605865,13.69,13.377411,1011.95917,1009.4826,6.9926853,2.940986,1.2385511,-3.9141526
22.18,17.181335,8.34,7.6236877,1012.11945,1005.99756,3.5960972,-1.9435809,0.5294465,-4.0958705
17.96,15.467712,12.17,12.178345,1008.25977,1001.7071,8.084856,0.9001264,2.451414,-8.957043
18.13,14.552185,9.83,7.844055,1011.86633,1007.209,8.059848,1.1087354,0.5048067,-7.868856
12.92,13.448761,11.08,10.991028,1006.3484,998.1651,8.068161,2.28971,2.671006,-6.4057956
16.15,15.424164,11.49,9.111389,998.49097,987.868,11.657041,0.966641,0.28147402,-10.937819
16.65,13.414886,8.47,8.323181,1002.4696,991.14264,8.537046,3.791888,1.0404269,-4.5935764
16.2,14.125061,9.71,9.935242,1002.70624,994.28107,10.561583,0.05458047,-1.3906381,-8.863676
18.53,14.705933,9.61,7.8196716,1013.62897,1001.99634,7.806228,2.0252442,0.2697493,-4.902554
21.06,17.822083,8.69,7.637268,1013.6764,1010.92993,4.491377,0.63660645,4.3724713,-0.53245425
24.82,20.590637,10.2,9.853485,1012.034,1009.03705,5.769762,0.13105369,4.442671,1.1882942
25.31,18.745148,11,10.218536,1012.1532,1009.0627,5.044849,1.3559511,2.1116922,-5.2331038
21.53,17.985016,13.11,12.578369,1009.1687,1005.50116,4.8332973,1.063917,2.8835752,-4.843787
20.1,16.112305,9.73,7.9260254,1011.0479,1004.419,3.7723272,-3.950317,5.8918667,-1.8472308
21.53,16.733002,13.16,11.407562,1011.4141,1009.9727,6.805223,-0.5483792,0.68894714,-5.0151024
21.53,17.370605,12.46,8.272705,1013.25995,1010.22107,4.610595,-0.088865064,1.5978711,-3.216129
21.29,17.40155,11.93,11.062103,1011.033,1008.6205,4.6131363,-0.29967028,0.94261783,-1.7002686
16.75,16.87555,11.25,9.213379,1008.8565,1006.17505,3.4437163,-1.7659317,1.0201018,-7.0035896
19.56,16.039825,12.27,12.445129,1010.2006,1004.94604,6.4406033,1.1316286,3.9573922,-6.6995406
16.51,14.062805,9.98,7.6999207,1011.1856,1008.78955,8.687818,1.699537,4.2533536,-3.7049935
16.32,12.469879,6.38,5.097107,1011.96704,1009.0471,6.0412955,-2.2654967,6.851369,-0.99510115
18.37,14.138794,6.79,5.450989,1017.228,1012.0836,3.3184721,-2.9934235,4.2436686,-1.2295011
21.01,16.714905,8.34,7.7536316,1019.6369,1015.04987,3.4745147,-0.15040036,6.108814,0.3579218
21.25,19.688751,13.14,9.796478,1014.9991,1010.75867,2.254974,-3.3844366,4.51307,0.56352407
20.08,18.265015,12.03,10.870148,1011.2399,1006.2358,7.231233,-0.907952,1.5054656,-3.7316136
18.56,15.794739,11.88,10.974243,1006.5105,1002.38727,4.5415382,-0.87807834,-2.2910395,-7.27806
17.51,13.947388,11.3,11.767212,1002.2072,993.3164,7.7449336,-5.605353,0.3950736,-14.163584
18.84,15.635956,11.59,11.149109,1008.57635,998.18774,8.22156,-0.44914493,-0.7679948,-10.294838
21.22,16.607483,12.22,10.492157,1011.4487,1007.5986,6.2872515,2.0881162,2.44392,-2.4242349
20.94,18.353516,11.27,8.736725,1011.44946,1009.6375,5.125664,0.2292576,5.5189962,0.1185745
25.5,21.88977,12.19,9.598572,1012.50616,1009.9855,3.3525288,-0.6525441,6.372736,1.1251146
29.04,21.254242,13.93,12.224548,1011.7488,1006.61194,2.1747947,-2.4287899,5.572359,-1.0552349
23.98,20.597351,11.42,9.16922,1006.8443,1005.09937,4.6719985,-2.3466618,1.7991554,-2.449146
17.08,15.518616,9.93,7.6059265,1007.533,1004.2404,10.164314,0.99635977,3.2752855,-6.748327
17.56,14.109863,9.16,8.332825,1014.46094,1005.4282,6.911829,2.7160652,3.7033176,0.72164845
15.8,13.735016,8.74,6.885437,1014.9597,1007.5603,4.6700706,0.4866949,1.2013915,-5.730075
17.7,16.915955,12.34,11.783051,1008.5196,1005.5679,6.330013,1.8697872,1.3270433,-4.975472
19.77,16.570465,11.71,9.033264,1010.3161,1007.6435,4.0183573,0.13247508,0.49984196,-3.1620612
17.15,18.104797,13.74,11.680725,1010.73065,1009.3044,6.2513266,0.25102454,2.40479,-1.6841124
21.82,18.068726,11.49,9.673584,1015.3689,1009.4822,5.4775844,0.24948938,4.576361,0.49655274
22.27,18.328796,9.14,8.612701,1017.17065,1014.51404,4.679069,0.046949625,3.6025386,0.905517
23.06,20.630035,11.95,10.634857,1015.4121,1009.4812,4.69715,0.12698339,5.2219877,0.25801235
19.67,17.427887,10.12,10.073761,1009.4254,1007.79486,4.198064,-0.5497532,0.9619831,-6.627879
20.63,16.318329,11,8.557556,1014.341,1007.5073,6.0385804,0.18361719,2.6840208,-6.988112
19.41,16.463074,11.95,9.492432,1012.8237,1009.29083,6.683258,0.6927227,4.0748606,-3.3341553
18.18,14.313538,10.2,7.4928894,1017.24304,1010.39276,5.7561035,1.2955142,6.059428,0.948384
17.51,16.319214,8.62,7.0565796,1020.7859,1016.07306,4.3917933,0.27649322,6.202013,1.7237027
21.15,12.7960205,12.27,12.7960205,1019.73914,1019.73914,2.8081741,2.8081741,2.776679,2.776679
25.6,20.602936,13.02,12.917694,1007.44476,1006.3596,3.5829716,0.84395784,5.9507794,0.9579473
22.15,16.820343,13.02,9.758484,1009.85474,1005.54736,5.267534,-1.2055882,3.6638532,-3.3558621
18.84,15.185181,11.81,10.188538,1009.5139,1005.77075,6.54644,0.61792123,2.0849478,-4.819163
19.22,14.800751,9.29,6.8881836,1018.44476,1008.27374,4.7792854,-0.87031806,3.4447312,-0.24534506
20.1,16.888214,8.89,7.5594482,1018.50586,1009.7725,5.1846066,-0.0060733673,5.130439,1.1174133
15.75,13.800873,11.61,8.583252,1009.9493,1008.99,4.464642,-1.5820963,1.7634546,-3.6151936
16.44,17.268036,13.09,11.937622,1009.9506,1006.9773,3.6264846,-2.9913044,0.17350641,-6.0644717
18.63,20.128082,11.49,10.036377,1015.03485,1008.60187,1.5139152,-1.4472682,6.4697065,-0.03651398
21.94,19.147858,12.32,11.287048,1019.053,1015.1574,-0.22161345,-4.2255864,5.071466,1.5674845
24.41,19.765594,11.52,9.765808,1015.3643,1009.372,0.6842762,-6.318467,4.008226,0.31375507
26.01,19.265717,11.05,9.596222,1009.25385,1004.91797,2.966242,-1.775066,1.4991267,-3.390108
19.77,17.204865,12.7,11.537231,1006.36383,1004.72876,5.227022,-0.46794626,0.45035002,-4.8209653
14.91,16.199127,12.27,10.216522,1005.85864,999.63495,4.3799076,-2.4342165,1.6240107,-9.722572
20.96,15.841949,11.05,10.771423,1003.3553,999.356,6.4633684,-0.80534905,0.08157212,-5.9954343
16.75,13.182373,8.64,9.480225,1005.88257,996.39685,11.642267,1.9987012,2.5675075,-7.5911665
14.84,14.129181,8.99,8.034241,1012.9074,1005.64935,8.9012985,2.2738626,3.2210808,-5.525119
17.3,16.21341,11.71,11.573181,1009.00494,1002.44147,8.432353,3.2971244,1.5652562,-6.775493
18.56,15.089081,12.03,10.879639,1008.9735,1006.4412,4.4161806,-2.212884,-1.3988347,-8.4923935
16.37,14.038086,11.86,11.156311,1007.6697,1001.12494,7.361136,0.742393,1.7268513,-6.5207253
16.58,13.698578,9.29,7.6872253,1012.2436,1007.0031,8.846762,2.168696,0.52485186,-3.7503014
15.2,13.537567,8.64,7.2156982,1012.6622,1004.4789,3.9564476,1.0304515,-0.49715644,-6.486312
14.22,15.253906,11.15,11.301025,1003.8105,992.4358,4.1503844,-3.3536682,0.4361421,-12.108003
15.41,14.469452,11.2,9.743591,1006.3323,996.1135,5.4739423,-1.1532863,3.4072442,-6.2492104
12.44,12.689575,8.02,10.193909,1003.51587,989.8278,11.82337,-3.559042,3.878962,-13.957826
15.34,13.959808,9.46,9.002319,1017.3353,1004.724,8.145268,2.670455,2.1177526,-1.5171638
15.91,16.085907,11.47,9.996735,1017.77783,1014.7768,3.6992571,-4.103772,0.9815519,-4.0097876
19.67,17.601288,11.03,9.217224,1018.18335,1013.0238,4.9728236,0.31014064,4.5871377,0.9903614
18.7,17.095734,11.81,10.14801,1015.7039,1011.43835,4.113035,0.7555947,6.658028,0.7381016
16.75,14.911835,8.24,5.944397,1016.56177,1014.98193,5.370629,0.3113077,3.1068838,-0.76619434
17.7,16.328918,12.22,9.074768,1016.0437,1014.1336,4.7995067,-0.29514337,2.2896056,-1.6951755
21.94,17.220886,12.77,11.3302,1016.1298,1009.0186,3.7785382,-1.1593038,1.6068779,-1.1838491
14.67,14.935608,12.12,11.380615,1008.81854,1000.8669,8.647669,0.51768774,1.1596221,-6.780584
15.53,12.188385,9.26,7.5393677,1019.45306,1004.6906,4.539648,1.725513,6.664955,-1.6198751
14.6,12.425964,6.81,5.4081726,1021.2012,1017.26013,3.1689405,0.026726779,4.4921126,0.33547884
17.68,16.42926,7.39,5.9754944,1017.3413,1007.23987,2.9104686,-1.506307,3.1699398,-2.5036685
12.53,12.787384,9.85,8.259827,1007.19275,1002.959,2.243244,-3.98345,-0.55661374,-9.203867
15.06,13.532501,11.54,10.2803955,1010.21216,1003.7205,6.7494097,-4.5009136,2.6581042,-6.816858
13.23,13.6736145,11.15,8.210327,1010.63666,993.8893,7.9383626,1.4294139,0.57266283,-9.12573
14.89,12.840912,8.79,7.483917,1014.7355,990.35455,12.736227,2.4245346,6.8993206,-5.919158
11.39,13.196136,9.46,5.9958496,1019.4201,1015.9433,5.054638,-0.6019142,2.1959636,-4.731028
15.89,15.294617,10.12,8.035706,1018.7834,1008.9088,5.454924,-0.8587245,4.1780334,0.69627494
12.27,14.020538,10.03,9.6241455,1008.49304,1000.3999,5.6497607,-0.7714921,1.2784706,-8.565525
15.15,13.864288,8.17,7.748108,1006.3861,1002.4133,8.663981,1.1367482,-0.679132,-9.937467
13.43,12.306915,7.74,7.5607605,1004.07336,999.1435,10.251251,3.0998478,2.7346532,-9.688916
15.51,11.957672,6.94,6.197998,1021.0696,1000.7035,8.068052,2.349871,5.227829,-3.2208216
13.98,12.077301,7.69,5.153839,1021.6741,1018.9628,5.808551,0.46898448,3.499383,-0.15689069
12.87,10.826416,9.73,6.0515747,1019.37555,1016.2982,3.4843047,-1.3028685,0.8503354,-3.6178992
13.93,13.93219,9.98,7.346985,1016.31366,1009.3629,3.7558856,-1.50549,-0.58133525,-3.9188921
13.47,12.873169,9.16,8.529694,1009.2028,997.82776,8.164544,-0.08415921,3.0693355,-7.895983
13.33,11.675507,7.69,6.5410767,1014.19604,1005.7424,6.9476423,3.1837556,2.2461612,-2.339484
12.39,11.778534,9.16,7.5643616,1014.2614,1005.5745,6.6264462,1.6061546,-1.0113213,-6.022307
13.09,12.686401,12,11.793915,1006.2226,1003.26556,7.258354,4.086862,-2.3292851,-5.5173073
13.38,13.51123,12.12,11.492493,1006.9118,1002.3783,5.941011,1.8750781,-1.908918,-6.698841
14.6,13.851715,10.79,10.130096,1012.3718,1006.51135,4.3748803,-1.9111768,1.6351079,-2.8221955
14.53,12.599457,5.87,9.298462,1012.8219,1006.5963,2.7384923,-1.0234509,0.59059507,-3.112916
12.56,11.993561,7.14,6.8952026,1006.4227,1002.36865,4.4185586,-2.526053,1.649425,-6.3806224
14.6,12.488922,7.34,6.08197,1011.05414,1006.2865,4.5978227,1.8292804,-0.10858185,-3.569099
14,12.180511,9.98,8.604523,1011.2752,1007.168,6.60284,-0.5340979,4.697527,-5.05914
14.31,12.240814,7.34,4.6394653,1015.4674,1010.5234,6.126932,1.288008,4.0965753,-2.1022825
14.43,14.090881,9.98,8.20636,1016.8968,1015.31055,4.1696725,-0.19652338,2.0039372,-4.01405
17.94,15.235352,9.36,6.322998,1016.1428,1007.15686,4.0975122,-0.5219213,3.9850514,0.54948646
12.87,11.841187,8.74,7.509796,1015.545,1006.625,3.784856,1.1579658,1.7704597,-2.7518203
16.53,13.520935,10.71,9.193085,1018.05115,1014.28625,1.851683,-2.241083,3.6634333,-2.0867975
11.69,13.2960205,7.12,6.5303345,1014.1184,1007.33484,3.802213,-1.4617885,2.0959792,-5.383252
15.08,12.003082,10.1,8.563873,1008.30237,1005.7742,3.8100286,-0.51016057,0.7706089,-4.532418
15.77,11.694214,8.57,8.611084,1009.40924,1003.795,3.9959874,-1.9637082,0.127479,-9.544016
12.58,11.358032,7.82,6.1884766,1013.1422,1009.2031,3.3471453,0.9097657,-0.66867113,-6.4614377
13.98,12.15033,9.29,8.556152,1009.39087,995.0554,10.208328,-1.4861726,4.248768,-10.227312
11.05,11.33551,7.97,5.8618774,1004.6012,988.5921,6.4499164,-0.745461,2.2737975,-8.090082
12.61,11.631989,7.62,8.192474,989.64703,985.7344,13.795783,5.4848566,1.9988971,-7.10128
11,10.565552,6.46,7.450348,988.0264,978.7896,9.506034,3.94734,3.552873,-8.820962
9.8,10.981964,6.18,6.0663147,992.62756,983.31213,7.1847186,-3.1696696,-0.91335326,-9.502398
9.16,9.031921,4.61,5.032776,994.1911,980.98413,8.122407,1.9560945,3.6217206,-8.386791
10.69,7.90744,3.22,2.841858,1007.2818,987.7103,5.3559427,-13.278925,9.580736,-7.311185
10.83,8.579681,4.48,3.6619568,1020.4924,1008.42883,3.951723,-0.32659772,3.2007933,-2.7963083
11.18,8.567535,4.04,3.6341248,1020.67993,1016.6636,1.8861437,-2.97567,0.24639846,-2.2687614
11.05,11.048798,7.67,4.7669373,1016.4786,1012.5556,3.2099185,0.1283717,-0.8369326,-5.6364493
11.88,10.3160095,9.16,9.092285,1014.68555,1011.89185,3.4245305,-1.3663315,0.77168137,-6.2311387
11.64,9.013428,6.26,4.7401123,1018.642,1014.94147,3.0653527,-0.45293778,1.6918405,-5.337978
12.63,11.079803,8.69,8.530426,1015.95667,1009.06177,6.195371,-1.6079538,-2.379878,-7.3999834
13.14,11.91275,9.16,9.706787,1008.94226,1006.2687,9.061093,0.6519186,0.7747242,-7.231066
11.61,9.250641,7.62,4.871399,1012.989,1009.0435,2.8589437,-1.8824699,0.12073762,-3.1038394
13.57,10.392822,9.24,5.6758423,1013.46454,1010.0673,1.4158648,-1.9265785,2.5579438,-7.417322
12,12.577484,10.37,9.992249,1009.64294,998.22815,4.0781727,-1.4045684,-6.641295,-12.900906
13.52,12.88974,8.19,7.654358,1017.07904,995.7064,11.570208,0.8441418,2.0195136,-14.365813
12.82,10.338135,4.69,4.4531555,1019.1724,1017.84015,2.6482248,0.23611577,0.37839237,-1.2138412
11.83,10.868011,5.95,4.656433,1019.8264,1016.1422,2.8000455,-2.6061318,4.226884,-1.4697964
11.52,10.608673,7.79,6.38855,1016.0265,1006.2015,1.0751494,-2.0941956,4.9437985,-4.0506554
10.08,9.762512,7.72,6.9627075,1006.09155,997.9241,9.661023,-5.711084,4.1347656,-4.520477
9.83,10.002533,6.61,5.4290466,1015.0379,1004.7595,6.778237,0.7060877,1.9777082,-4.1945024
13.11,9.396057,6.05,5.207733,1019.8045,1014.1418,2.8741605,-1.2296039,3.7056847,-5.519507
12.17,12.981689,6.91,4.7583923,1020.1033,1015.1111,0.5713209,-0.7796891,4.7028074,1.9926591
12.77,12.794098,6.56,4.524658,1016.78564,1015.1359,0.6497971,-3.2092109,3.2071006,-0.42544484
12.41,12.664581,6.1,5.721161,1017.1306,1012.819,0.9660452,-3.795545,3.2476351,-2.5696044
12.41,11.28714,5.41,4.090454,1012.6955,1005.3848,1.0204096,-2.749726,3.4504654,-2.0734506
11.83,10.704407,6.71,6.681366,1006.07135,1000.4995,-0.6308396,-3.9673092,-1.4114934,-9.162198
12.12,11.813843,8.47,8.1006775,1007.9819,993.15326,10.663324,-6.3611403,-2.1238613,-14.07005
12.05,10.682648,7.47,6.271637,1009.20544,1000.1985,7.5458646,-2.5470445,3.3455582,-7.953583
10.15,7.8812866,4.87,4.3470764,1005.0023,999.0746,5.5601783,-1.6466038,3.5119338,-3.3911285
9.93,8.09964,5.26,4.381775,1005.3986,1000.8706,9.590461,2.3220966,0.6740317,-4.206387
8.37,7.4443665,5.13,3.57312,1014.2223,1001.44495,8.885759,-0.64722496,1.6439937,-1.9206179
9.8,5.9121094,2.4,1.01828,1023.0637,1013.4735,1.5249034,-0.3690069,3.3361793,-0.66538346
10.15,7.4956665,2.74,1.3757324,1023.1464,1018.19165,1.887137,0.59502614,2.1581335,0.74761844
9.09,7.0000916,4.35,2.4144287,1018.71344,1017.2589,2.7029736,-0.6271247,4.433669,0.3548498
9.53,6.9308777,2.96,1.773468,1017.12115,1014.9849,2.8918178,0.41640642,3.6825035,0.38275158
9.8,6.786255,3.59,1.6087952,1016.78577,1015.07025,2.3958304,-0.20787594,3.0674567,-1.8967249
8.67,6.512451,5.46,1.5474548,1018.04266,1016.2368,0.8179057,-1.3261877,3.6016927,0.6103776
7.39,7.0478516,3.51,1.5802612,1016.2578,1012.9129,0.8776836,-0.32842284,3.7249675,2.0541387
9.41,7.5167236,2.42,1.3823242,1013.50946,1012.69946,0.541253,-2.956462,2.1134355,-1.9383647
8.84,7.473114,5.67,2.7262573,1012.6262,1010.60065,-0.63097495,-4.236589,-0.037346326,-6.0891113
9.39,8.246277,6.76,6.20401,1010.598,1001.74097,-1.7796769,-6.5673866,-1.6354643,-6.06077
11,8.168518,6.38,4.2763367,1010.2491,1001.5455,2.204266,-4.6764536,3.58146,-4.851374
8.22,7.918518,5.95,3.279663,1010.39764,998.90454,2.6385763,-2.4177666,0.46155345,-13.121981
10.05,9.843475,6.1,5.0914917,1003.41595,996.28687,9.044049,-3.8251662,-0.5441421,-13.244313
11.42,9.838135,7.69,4.6643677,1004.96344,997.07904,4.171102,-4.656723,-1.3548725,-5.620994
10.32,10.027771,5.08,6.0262756,1006.8173,998.6538,11.651174,0.8849044,2.8476076,-9.143821
11.08,6.941284,3.54,1.9833374,1024.3743,1008.2198,4.5109344,-1.671867,3.0825794,-1.5102551
9.48,7.138031,4.06,2.6062622,1024.9744,1015.3134,0.18801954,-3.7157462,1.604081,-3.2988515
10.05,8.439819,3.83,2.3599243,1014.82245,1007.02985,0.7295914,-1.5958029,2.1639545,-5.2763166
9.53,9.376709,8.05,6.693329,1007.6705,1003.511,-0.8007996,-3.8086374,-4.4866343,-10.273603
10.05,9.443787,8.94,8.878632,1004.8502,1002.33673,-0.38553998,-4.765871,-5.3372474,-9.306005
11.27,9.26358,8.22,6.9324036,1010.8564,1003.0402,1.4122106,-2.4948165,-2.8472166,-4.7353325
9.78,8.035126,7.64,5.756592,1014.0168,1011.10205,2.3922327,-4.2727175,0.8337876,-3.748813
8.32,8.4574585,6.15,4.2144775,1013.8652,1005.2951,8.701389,0.873637,4.345554,-5.8999476
8.92,6.952759,4.66,2.2705994,1017.8153,1012.4908,5.208857,1.0924788,2.3828785,-1.6470895
9.46,9.234772,5.9,4.538452,1015.33093,1003.0795,5.1470876,-2.5957382,5.9978623,-7.400063
8.72,5.9743347,2.53,1.2841187,1012.5996,1007.4631,1.5646327,-1.079003,3.1340697,1.1906893
7.04,5.6980286,1.89,0.33615112,1014.4473,1012.2608,2.3645198,-0.45649764,5.853048,1.2566451
8.94,5.977112,4.32,1.3274841,1018.4735,1014.57764,0.764483,-7.9489355,5.842657,1.402641
8.19,5.3264465,3.04,0.06384277,1017.2369,1011.51764,1.1634204,-3.871123,5.702291,0.9590023
7.24,4.659485,3.01,-1.0048828,1013.7243,1011.6171,1.0601107,-0.2731691,6.382022,1.9777256
9.8,6.3804016,5.46,0.507782,1023.4869,1014.28784,-0.01877684,-5.4737797,5.295708,1.418889
8.54,5.867859,3.27,0.74334717,1023.87,1014.7606,1.4846147,-6.7634153,4.741834,-1.8475384
10.03,6.3447266,1.75,-0.31918335,1014.40924,1008.9135,1.9414814,-2.713637,2.976503,-3.8488443
8.02,8.153046,7.24,2.5025635,1008.7729,1003.718,1.3259916,-1.9968162,-3.1091905,-11.046281
11.39,10.185028,7.77,6.793091,1003.48,997.3619,6.238078,-2.0315807,-0.99780494,-13.360034
8.99,7.8696594,3.43,3.5880127,1007.90967,994.2278,7.486476,-0.4231462,4.387907,-3.7892723
9.31,8.720825,4.69,4.247223,1009.3909,1000.2651,3.3524737,-1.3840251,-1.279368,-6.8647976
9.76,6.8490906,5.08,3.4577637,1003.5522,994.21857,4.207186,-1.1885655,5.53009,-6.4299746
7.95,7.4031982,5.69,3.748352,1003.66956,993.9007,7.433506,-2.9971137,2.5183988,-10.749237
8.07,7.367401,4.4,4.287506,1002.5103,996.50946,9.6795025,0.59725845,-1.2434337,-11.934903
8.49,8.02002,4.53,2.3865051,1002.5251,994.6041,8.487007,0.41594404,0.2635792,-9.480422
8.77,7.1976624,5.23,5.2037354,997.0569,993.0383,8.878021,-1.143356,-1.0209451,-5.828
7.97,6.8460693,3.77,3.6758118,1002.7127,985.79126,7.121961,-5.6032147,6.7139506,-11.333476
8.29,8.208405,4.04,2.9317932,1004.70233,999.5167,4.0928507,-2.5140083,0.021144364,-9.714597
8.29,7.9918213,7.54,7.381897,999.4096,994.3301,-1.7379754,-5.336057,-9.837722,-15.342339
9.56,8.695648,7.22,6.563965,995.157,992.35126,1.0888344,-5.565168,-1.3732675,-13.401784
8.19,7.181061,6.23,6.1987,1010.51385,995.64594,-0.3785994,-9.289149,0.4013034,-7.6727867
7.9,7.616333,5.21,4.478607,1011.3822,1004.80396,3.4441202,-8.348078,1.2633982,-8.611741
7.64,6.0545044,3.22,3.5540466,1003.7117,999.18274,7.442015,-1.2137256,1.7885473,-11.311108
6.64,6.54776,3.3,3.545288,1003.0669,1000.27673,3.9760995,-1.1846446,-1.8763641,-7.0248313
9.61,7.0227356,3.72,4.005768,1016.1001,1003.6376,-0.42051858,-8.404831,2.9858243,-5.3941274
10.52,7.2480774,4.58,1.7937012,1020.611,1016.7439,0.5217978,-8.925423,5.9256206,1.7277017
7.47,6.5436096,3.75,0.9083557,1018.7461,1002.8615,2.1189287,-3.4890575,2.2626085,-10.811153
8.32,7.4154053,4.58,3.8597412,1008.78925,998.6133,8.826784,-2.5763624,5.4669757,-10.083261
10.27,7.664276,3.85,2.668274,1015.64905,1009.5696,5.6296067,2.267062,1.2227598,-6.6242795
10.12,9.91394,6.08,5.3856506,1013.65314,996.5481,11.909351,-1.0200484,-4.399788,-13.4782915
10.22,9.063782,4.53,3.2488098,1004.7385,995.04065,9.650968,3.343667,3.0590665,-6.317678
7.37,6.3458557,3.91,3.0952759,1009.2875,1005.3006,7.814891,-1.3723966,3.8317413,-3.6871955
4.84,4.3881836,2.88,0.04171753,1009.6241,999.83264,0.8458937,-2.2770193,4.7000866,0.48113337
7.62,6.4470825,4.4,1.2623291,1007.36115,998.89923,3.064722,-3.0379276,5.9832892,-2.5715039
9.8,7.883728,4.27,2.2831726,1011.9881,1007.7547,1.0518993,-5.8604054,4.843881,-1.8410609
8.17,6.7651367,4.95,2.0902405,1014.10034,1006.51294,0.39090258,-4.387727,6.0450244,1.773297
9.16,9.006165,6.43,4.960144,1016.1043,1006.3806,0.42112803,-7.3691406,5.172761,-0.022645988
10.05,9.4470825,4.71,3.263794,1019.68054,1016.4296,3.8458571,-1.5684867,3.5664644,0.4744014
9.11,7.510803,6.41,2.6358032,1021.36914,1019.0212,4.9754443,0.13986395,0.67224944,-5.100886
9.46,9.644409,5.9,5.945648,1019.1306,1012.3907,4.294242,1.5125746,0.8359544,-6.1052103
8.92,7.144562,3.83,2.1689758,1015.3521,1012.2743,4.2626305,-0.6907858,5.3673887,0.70724773
10.49,6.740204,3.43,1.3904419,1015.50995,1012.8767,1.6887921,-0.6241694,2.5502794,0.8558256
9.93,6.994049,4.9,3.1113586,1014.77075,1012.6275,1.0465556,-3.8834596,1.6166092,-1.7379751
8.37,7.207794,5.57,1.8860779,1016.026,1014.7098,2.1361701,-1.3279893,0.06273782,-5.392116
8.29,8.240143,4.92,4.760681,1014.9389,1006.7508,5.6930723,-2.6494768,0.37290356,-10.83091
9.48,7.295349,3.91,3.3330078,1015.6855,1012.41425,6.3071675,1.6548367,1.0001826,-1.4017605
7.9,6.075012,2.32,0.49960327,1015.89136,1014.66724,2.17939,-0.7134414,5.094025,0.07168392
